insert into user_tb (nick_name, phone_number, email, password)
values( '박정훈1', '010-4548-5678', 'test@test.com', '$2a$10$Y1mXaXaj5Y2m.IJkH58IwOZF8SSctsvP37WTrp82ambaSeSEyxZwe');

insert into user_tb (nick_name, phone_number, email, password)
values( '정해주', '010-4548-5678', 'test1@naver.com', '$2a$10$Y1mXaXaj5Y2m.IJkH58IwOZF8SSctsvP37WTrp82ambaSeSEyxZwe');

-- 관리자 ID------------------------- 3~6
insert into user_tb (nick_name, phone_number, email, password, role)
values( '관리자해주', '010-1234-5678', 't1@naver.com', '$2a$10$Y1mXaXaj5Y2m.IJkH58IwOZF8SSctsvP37WTrp82ambaSeSEyxZwe', 'admin');
insert into user_tb (nick_name, phone_number, email, password, role)
values( '관리자1', '010-1111-2222', 'admin@naver.com', '$2a$10$Y1mXaXaj5Y2m.IJkH58IwOZF8SSctsvP37WTrp82ambaSeSEyxZwe', 'admin');
insert into user_tb (nick_name, phone_number, email, password, role)
values( '관리자2', '010-2222-3333', 'admin2@naver.com', '$2a$10$Y1mXaXaj5Y2m.IJkH58IwOZF8SSctsvP37WTrp82ambaSeSEyxZwe', 'admin');
insert into user_tb (nick_name, phone_number, email, password, role)
values( '관리자박정훈', '010-4548-5678', 'test3@naver.com', '$2a$10$Y1mXaXaj5Y2m.IJkH58IwOZF8SSctsvP37WTrp82ambaSeSEyxZwe', 'admin');
-- ---------------------------------

INSERT INTO user_tb (nick_name, phone_number, email, password)
VALUES ('사용자1', '010-1000-0001', 'user1@example.com', '$2a$10$Y1mXaXaj5Y2m.IJkH58IwOZF8SSctsvP37WTrp82ambaSeSEyxZwe');
INSERT INTO user_tb (nick_name, phone_number, email, password)
VALUES ('사용자2', '010-1000-0002', 'user2@example.com', '$2a$10$Y1mXaXaj5Y2m.IJkH58IwOZF8SSctsvP37WTrp82ambaSeSEyxZwe');
INSERT INTO user_tb (nick_name, phone_number, email, password)
VALUES ('사용자3', '010-1000-0003', 'user3@example.com', '$2a$10$Y1mXaXaj5Y2m.IJkH58IwOZF8SSctsvP37WTrp82ambaSeSEyxZwe');
INSERT INTO user_tb (nick_name, phone_number, email, password)
VALUES ('사용자4', '010-1000-0004', 'user4@example.com', '$2a$10$Y1mXaXaj5Y2m.IJkH58IwOZF8SSctsvP37WTrp82ambaSeSEyxZwe');
INSERT INTO user_tb (nick_name, phone_number, email, password)
VALUES ('사용자5', '010-1000-0005', 'user5@example.com', '$2a$10$Y1mXaXaj5Y2m.IJkH58IwOZF8SSctsvP37WTrp82ambaSeSEyxZwe');
INSERT INTO user_tb (nick_name, phone_number, email, password)
VALUES ('사용자6', '010-1000-0006', 'user6@example.com', '$2a$10$Y1mXaXaj5Y2m.IJkH58IwOZF8SSctsvP37WTrp82ambaSeSEyxZwe');
INSERT INTO user_tb (nick_name, phone_number, email, password)
VALUES ('사용자7', '010-1000-0007', 'user7@example.com', '$2a$10$Y1mXaXaj5Y2m.IJkH58IwOZF8SSctsvP37WTrp82ambaSeSEyxZwe');
INSERT INTO user_tb (nick_name, phone_number, email, password)
VALUES ('사용자8', '010-1000-0008', 'user8@example.com', '$2a$10$Y1mXaXaj5Y2m.IJkH58IwOZF8SSctsvP37WTrp82ambaSeSEyxZwe');
INSERT INTO user_tb (nick_name, phone_number, email, password)
VALUES ('사용자9', '010-1000-0009', 'user9@example.com', '$2a$10$Y1mXaXaj5Y2m.IJkH58IwOZF8SSctsvP37WTrp82ambaSeSEyxZwe');
INSERT INTO user_tb (nick_name, phone_number, email, password)
VALUES ('사용자10', '010-1000-0010', 'user10@example.com', '$2a$10$Y1mXaXaj5Y2m.IJkH58IwOZF8SSctsvP37WTrp82ambaSeSEyxZwe');
INSERT INTO user_tb (nick_name, phone_number, email, password)
VALUES ('사용자11', '010-1000-0011', 'user11@example.com', '$2a$10$Y1mXaXaj5Y2m.IJkH58IwOZF8SSctsvP37WTrp82ambaSeSEyxZwe');
INSERT INTO user_tb (nick_name, phone_number, email, password)
VALUES ('사용자12', '010-1000-0012', 'user12@example.com', '$2a$10$Y1mXaXaj5Y2m.IJkH58IwOZF8SSctsvP37WTrp82ambaSeSEyxZwe');
INSERT INTO user_tb (nick_name, phone_number, email, password)
VALUES ('사용자13', '010-1000-0013', 'user13@example.com', '$2a$10$Y1mXaXaj5Y2m.IJkH58IwOZF8SSctsvP37WTrp82ambaSeSEyxZwe');
INSERT INTO user_tb (nick_name, phone_number, email, password)
VALUES ('사용자14', '010-1000-0014', 'user14@example.com', '$2a$10$Y1mXaXaj5Y2m.IJkH58IwOZF8SSctsvP37WTrp82ambaSeSEyxZwe');
INSERT INTO user_tb (nick_name, phone_number, email, password)
VALUES ('사용자15', '010-1000-0015', 'user15@example.com', '$2a$10$Y1mXaXaj5Y2m.IJkH58IwOZF8SSctsvP37WTrp82ambaSeSEyxZwe');
INSERT INTO user_tb (nick_name, phone_number, email, password)
VALUES ('사용자16', '010-1000-0016', 'user16@example.com', '$2a$10$Y1mXaXaj5Y2m.IJkH58IwOZF8SSctsvP37WTrp82ambaSeSEyxZwe');
INSERT INTO user_tb (nick_name, phone_number, email, password)
VALUES ('사용자17', '010-1000-0017', 'user17@example.com', '$2a$10$Y1mXaXaj5Y2m.IJkH58IwOZF8SSctsvP37WTrp82ambaSeSEyxZwe');
INSERT INTO user_tb (nick_name, phone_number, email, password)
VALUES ('사용자18', '010-1000-0018', 'user18@example.com', '$2a$10$Y1mXaXaj5Y2m.IJkH58IwOZF8SSctsvP37WTrp82ambaSeSEyxZwe');
INSERT INTO user_tb (nick_name, phone_number, email, password)
VALUES ('사용자19', '010-1000-0019', 'user19@example.com', '$2a$10$Y1mXaXaj5Y2m.IJkH58IwOZF8SSctsvP37WTrp82ambaSeSEyxZwe');
INSERT INTO user_tb (nick_name, phone_number, email, password)
VALUES ('사용자20', '010-1000-0020', 'user20@example.com', '$2a$10$Y1mXaXaj5Y2m.IJkH58IwOZF8SSctsvP37WTrp82ambaSeSEyxZwe');
INSERT INTO user_tb (nick_name, phone_number, email, password)
VALUES ('사용자21', '010-1000-0021', 'user21@example.com', '$2a$10$Y1mXaXaj5Y2m.IJkH58IwOZF8SSctsvP37WTrp82ambaSeSEyxZwe');
INSERT INTO user_tb (nick_name, phone_number, email, password)
VALUES ('사용자22', '010-1000-0022', 'user22@example.com', '$2a$10$Y1mXaXaj5Y2m.IJkH58IwOZF8SSctsvP37WTrp82ambaSeSEyxZwe');
INSERT INTO user_tb (nick_name, phone_number, email, password)
VALUES ('사용자23', '010-1000-0023', 'user23@example.com', '$2a$10$Y1mXaXaj5Y2m.IJkH58IwOZF8SSctsvP37WTrp82ambaSeSEyxZwe');
INSERT INTO user_tb (nick_name, phone_number, email, password)
VALUES ('사용자24', '010-1000-0024', 'user24@example.com', '$2a$10$Y1mXaXaj5Y2m.IJkH58IwOZF8SSctsvP37WTrp82ambaSeSEyxZwe');
INSERT INTO user_tb (nick_name, phone_number, email, password)
VALUES ('사용자25', '010-1000-0025', 'user25@example.com', '$2a$10$Y1mXaXaj5Y2m.IJkH58IwOZF8SSctsvP37WTrp82ambaSeSEyxZwe');
INSERT INTO user_tb (nick_name, phone_number, email, password)
VALUES ('사용자26', '010-1000-0026', 'user26@example.com', '$2a$10$Y1mXaXaj5Y2m.IJkH58IwOZF8SSctsvP37WTrp82ambaSeSEyxZwe');
INSERT INTO user_tb (nick_name, phone_number, email, password)
VALUES ('사용자27', '010-1000-0027', 'user27@example.com', '$2a$10$Y1mXaXaj5Y2m.IJkH58IwOZF8SSctsvP37WTrp82ambaSeSEyxZwe');
INSERT INTO user_tb (nick_name, phone_number, email, password)
VALUES ('사용자28', '010-1000-0028', 'user28@example.com', '$2a$10$Y1mXaXaj5Y2m.IJkH58IwOZF8SSctsvP37WTrp82ambaSeSEyxZwe');
INSERT INTO user_tb (nick_name, phone_number, email, password)
VALUES ('사용자29', '010-1000-0029', 'user29@example.com', '$2a$10$Y1mXaXaj5Y2m.IJkH58IwOZF8SSctsvP37WTrp82ambaSeSEyxZwe');
INSERT INTO user_tb (nick_name, phone_number, email, password)
VALUES ('사용자30', '010-1000-0030', 'user30@example.com', '$2a$10$Y1mXaXaj5Y2m.IJkH58IwOZF8SSctsvP37WTrp82ambaSeSEyxZwe');
-- 유저 디테일 
insert into user_de_tb (user_id,point ) values( 1, 1000);
INSERT INTO user_de_tb (user_id, point) VALUES (2, 250);
INSERT INTO user_de_tb (user_id, point) VALUES (3, 99999999);
INSERT INTO user_de_tb (user_id, point) VALUES (4, 99999999);
INSERT INTO user_de_tb (user_id, point) VALUES (5, 99999999);
INSERT INTO user_de_tb (user_id, point) VALUES (6, 99999999);
INSERT INTO user_de_tb (user_id, point) VALUES (7, 750);
INSERT INTO user_de_tb (user_id, point) VALUES (8, 850);
INSERT INTO user_de_tb (user_id, point) VALUES (9, 950);
INSERT INTO user_de_tb (user_id, point) VALUES (10, 1050);
INSERT INTO user_de_tb (user_id, point) VALUES (11, 1150);
INSERT INTO user_de_tb (user_id, point) VALUES (12, 1250);
INSERT INTO user_de_tb (user_id, point) VALUES (13, 1350);
INSERT INTO user_de_tb (user_id, point) VALUES (14, 1450);
INSERT INTO user_de_tb (user_id, point) VALUES (15, 1550);
INSERT INTO user_de_tb (user_id, point) VALUES (16, 1650);
INSERT INTO user_de_tb (user_id, point) VALUES (17, 1750);
INSERT INTO user_de_tb (user_id, point) VALUES (18, 1850);
INSERT INTO user_de_tb (user_id, point) VALUES (19, 1950);
INSERT INTO user_de_tb (user_id, point) VALUES (20, 2000);
INSERT INTO user_de_tb (user_id, point) VALUES (21, 1900);
INSERT INTO user_de_tb (user_id, point) VALUES (22, 1800);
INSERT INTO user_de_tb (user_id, point) VALUES (23, 1700);
INSERT INTO user_de_tb (user_id, point) VALUES (24, 1600);
INSERT INTO user_de_tb (user_id, point) VALUES (25, 1500);
INSERT INTO user_de_tb (user_id, point) VALUES (26, 1400);
INSERT INTO user_de_tb (user_id, point) VALUES (27, 1300);
INSERT INTO user_de_tb (user_id, point) VALUES (28, 1200);
INSERT INTO user_de_tb (user_id, point) VALUES (29, 1100);


-- 경고 테이블
INSERT INTO user_alert_list_tb ( alert_content) VALUES ( '준수 afk 왜캐못함');
INSERT INTO user_alert_list_tb ( alert_content) VALUES ( '준수야 일어나라');
INSERT INTO user_alert_list_tb ( alert_content) VALUES ( '준수 신발밑창 껌붙음');
INSERT INTO user_alert_list_tb ( alert_content) VALUES ( '준수 료키 텐카이');
INSERT INTO user_alert_list_tb ( alert_content) VALUES ( '준수 범부 그자체');




-- 경고 히스토리 테이블
INSERT INTO user_alert_history_tb ( alert_id,user_id,period_date) VALUES ( 1,20,'2024-09-15');
INSERT INTO user_alert_history_tb ( alert_id,user_id,period_date) VALUES ( 2,15,'2024-09-20');
INSERT INTO user_alert_history_tb ( alert_id,user_id,period_date) VALUES ( 3,17,'2024-09-25');
INSERT INTO user_alert_history_tb ( alert_id,user_id,period_date) VALUES ( 4,24,'2024-10-01');
INSERT INTO user_alert_history_tb ( alert_id,user_id,period_date) VALUES ( 5,28,'2024-10-05');

INSERT INTO `event_tb` (
    `event_title`, `event_content`, `start_day`, `end_day`, `user_id`,`event_image`
) VALUES (
    '회원가입 웰컴 반값 이벤트!', '회원가입 후 첫 코인 구매 시 50% 할인 혜택을 제공합니다.', 
    '2024-09-01', 
    '2024-12-31', 
    4 , -- user_tb에서 user_id 101번 사용자가 이벤트를 관리
    'event/event-detail1.jpg'
    
);
INSERT INTO `event_tb` (
    `event_title`, `event_content`, `start_day`, `end_day`, `user_id`,`event_image`
) VALUES (
    '잼코인 랜덤 뽑기!', 
    '회원가입 후 첫 코인 구매 시 50% 할인 혜택을 제공합니다.', 
    '2024-09-01', 
    '2024-12-31',
    5, -- user_tb에서 user_id 101번 사용자가 이벤트를 관리
     'event/event-detail2.jpg'
);
INSERT INTO `event_tb` (
    `event_title`, `event_content`, `start_day`, `end_day`, `user_id`,`event_image`
) VALUES (
    '2024 ! 천하제일 쩀 대회!', 
    '회원가입 후 첫 코인 구매 시 50% 할인 혜택을 제공합니다.', 
    '2024-08-01', 
    '2024-09-15',
    6,  -- user_tb에서 user_id 101번 사용자가 이벤트를 관리
     'event/event-detail3.jpg'
);
INSERT INTO `event_tb` (
    `event_title`, `event_content`, `start_day`, `end_day`, `user_id`,`event_image`
) VALUES (
    '회원가입 웰컴 반값 이벤트4', 
    '회원가입 후 첫 코인 구매 시 50% 할인 혜택을 제공합니다.', 
    '2024-09-01', 
    '2024-9-10',
    3,  -- user_tb에서 user_id 101번 사용자가 이벤트를 관리
     'event/event-detail3.jpg'
);




-- 카테고리 테이블에 데이터 삽입
insert into category_tb (category_id, category_name) values (1, '문학');
insert into category_tb (category_id, category_name) values (2, '시/에세이');
insert into category_tb (category_id, category_name) values (3, '소설');




insert into notice_tb (user_id, notice_title, notice_content, comment, created_at) values 
(3, '공지사항 제목 1', '공지사항 내용 1입니다.', '첫 번째 공지에 대한 코멘트입니다.', NOW()),
(4, '공지사항 제목 2', '공지사항 내용 2입니다.', '두 번째 공지에 대한 코멘트입니다.', NOW()),
(5, '공지사항 제목 3', '공지사항 내용 3입니다.', '세 번째 공지에 대한 코멘트입니다.', NOW()),
(6, '공지사항 제목 4', '공지사항 내용 4입니다.', '네 번째 공지에 대한 코멘트입니다.', NOW()),
(3, '공지사항 제목 1', '공지사항 내용 1입니다.', '첫 번째 공지에 대한 코멘트입니다.', NOW()),
(4, '공지사항 제목 2', '공지사항 내용 2입니다.', '두 번째 공지에 대한 코멘트입니다.', NOW()),
(5, '공지사항 제목 3', '공지사항 내용 3입니다.', '세 번째 공지에 대한 코멘트입니다.', NOW()),
(6, '공지사항 제목 4', '공지사항 내용 4입니다.', '네 번째 공지에 대한 코멘트입니다.', NOW()),
(3, '공지사항 제목 1', '공지사항 내용 1입니다.', '첫 번째 공지에 대한 코멘트입니다.', NOW()),
(4, '공지사항 제목 2', '공지사항 내용 2입니다.', '두 번째 공지에 대한 코멘트입니다.', NOW()),
(5, '공지사항 제목 3', '공지사항 내용 3입니다.', '세 번째 공지에 대한 코멘트입니다.', NOW()),
(6, '공지사항 제목 4', '공지사항 내용 4입니다.', '네 번째 공지에 대한 코멘트입니다.', NOW()),
(3, '공지사항 제목 1', '공지사항 내용 1입니다.', '첫 번째 공지에 대한 코멘트입니다.', NOW()),
(4, '공지사항 제목 2', '공지사항 내용 2입니다.', '두 번째 공지에 대한 코멘트입니다.', NOW()),
(5, '공지사항 제목 3', '공지사항 내용 3입니다.', '세 번째 공지에 대한 코멘트입니다.', NOW()),
(6, '공지사항 제목 4', '공지사항 내용 4입니다.', '네 번째 공지에 대한 코멘트입니다.', NOW()),
(3, '공지사항 제목 1', '공지사항 내용 1입니다.', '첫 번째 공지에 대한 코멘트입니다.', NOW()),
(4, '공지사항 제목 2', '공지사항 내용 2입니다.', '두 번째 공지에 대한 코멘트입니다.', NOW()),
(5, '공지사항 제목 3', '공지사항 내용 3입니다.', '세 번째 공지에 대한 코멘트입니다.', NOW()),
(6, '공지사항 제목 4', '공지사항 내용 4입니다.', '네 번째 공지에 대한 코멘트입니다.', NOW()),
(3, '공지사항 제목 5', '공지사항 내용 5입니다.', '다섯 번째 공지에 대한 코멘트입니다.', NOW());

insert into qna_tb (user_id, title, question_content, created_at) values 
(1, '질문1', '제이름은 명기입니다.', NOW()),
(2, '질문2', '제이름은 명기입니다..', NOW()),
(1, '질문3', '제이름은 명기입니다.', NOW()),
(2, '질문4', '제이름은 명기입니다..', NOW()),
(1, '질문3', '제이름은 명기입니다.', NOW()),
(2, '질문4', '제이름은 명기입니다..', NOW()),
(1, '질문3', '제이름은 명기입니다.', NOW()),
(2, '질문4', '제이름은 명기입니다..', NOW()),
(1, '질문3', '제이름은 명기입니다.', NOW()),
(2, '질문4', '제이름은 명기입니다..', NOW()),
(1, '질문3', '제이름은 명기입니다.', NOW()),
(2, '질문4', '제이름은 명기입니다..', NOW()),
(1, '질문3', '제이름은 명기입니다.', NOW()),
(2, '질문4', '제이름은 명기입니다..', NOW()),
(1, '질문3', '제이름은 명기입니다.', NOW()),
(2, '질문4', '제이름은 명기입니다..', NOW()),
(1, '질문3', '제이름은 명기입니다.', NOW()),
(2, '질문4', '제이름은 명기입니다..', NOW()),
(1, '질문3', '제이름은 명기입니다.', NOW()),
(2, '질문4', '제이름은 명기입니다..', NOW()),
(1, '질문3', '제이름은 명기입니다.', NOW()),
(2, '질문4', '제이름은 명기입니다..', NOW()),
(1, '질문3', '제이름은 명기입니다.', NOW()),
(1, '질문3', '제이름은 명기입니다.', NOW()),
(2, '질문4', '제이름은 명기입니다..', NOW()),
(2, '질문4', '제이름은 명기입니다..', NOW()),
(1, '질문5', '제이름은 명기입니다..', NOW());





		
-- 장르 테이블에 데이터 삽입
insert into genre_tb (genre_id, genre_name) values (1, '추리');
insert into genre_tb (genre_id, genre_name) values (2, '스릴러');
insert into genre_tb (genre_id, genre_name) values (3, '공포');
insert into genre_tb (genre_id, genre_name) values (4, '과학');
insert into genre_tb (genre_id, genre_name) values (5, '판타지');
insert into genre_tb (genre_id, genre_name) values (6, '무협');
INSERT INTO genre_tb (genre_id, genre_name) VALUES (7, '로맨스');
INSERT INTO genre_tb (genre_id, genre_name) VALUES (8, '드라마');
INSERT INTO genre_tb (genre_id, genre_name) VALUES (9, '코미디');
INSERT INTO genre_tb (genre_id, genre_name) VALUES (10, '역사');
INSERT INTO genre_tb (genre_id, genre_name) VALUES (11, '모험');

-- 태그 테이블에 데이터 삽입
insert into tag_tb (tag_id, tag_name) values (1, '판타지');
insert into tag_tb (tag_id, tag_name) values (2, '공포');
insert into tag_tb (tag_id, tag_name) values (3, '추리');


-- 1 북테이블 생성 
insert into book_tb (user_id, title, author_comment, author, category_id, genre_id, introduction, age,likes,serial_day,book_cover_image) 
values (1, '미라클 마트: 밤의 마법사"', '평범한 대학생 김도현이 우연히 마법과 현실이 공존하는 편의점에서 야간 아르바이트를 시작하면서 벌어지는 이야기를 그린 판타지 소설입니다. 도현은 편의점 매니저 루나와 함께 마법 세계의 손님들을 위해 물건을 찾고, 새로운 마법을 배우며 성장해 나갑니다. 각 에피소드마다 도현이 새로운 마법을 배우고, 이를 통해 다양한 모험과 도전을 헤쳐나가는 과정이 펼쳐집니다.', 
			'마법사후보생', '3', '5', '소개글1','19',15,'수요일','cover/1.jpg');

-- 1 스토리 테이블 생성 
INSERT INTO story_tb (book_id, user_id, number, type, title, upload_day, contents, cost , views ) 
VALUES (1, 1, 0, '프롤로그', '프롤로그: 뜻밖의 알바 면접', '2023-05-03', '',0,1231);

INSERT INTO story_tb (book_id, user_id, number, type, title, upload_day, contents , cost , views) 
VALUES (1, 1, 1, '유료', '1화: 밤의 손님', '2023-05-10', '',200,1151);

INSERT INTO story_tb (book_id, user_id, number, type, title, upload_day, contents , cost , views) 
VALUES (1, 1, 2, '유료', '2화: 숨겨진 마법 도서관', '2023-05-17', '',200,1200);

INSERT INTO story_tb (book_id, user_id, number, type, title, upload_day, contents , cost , views) 
VALUES (1, 1, 3, '유료', '3화: 불의 시험', '2023-05-24', '',200,1189);

INSERT INTO story_tb (book_id, user_id, number, type, title, upload_day, contents, cost , views ) 
VALUES (1, 1, 4, '유료', '4화: 시간의 미궁', '2023-05-31', '',200,1354);

INSERT INTO story_tb (book_id, user_id, number, type, title, upload_day, contents, cost , views ) 
VALUES (1, 1, 5, '유료', '5화: 별빛의 지팡이', '2023-06-07', '',200,1278);

INSERT INTO story_tb (book_id, user_id, number, type, title, upload_day, contents, cost , views ) 
VALUES (1, 1, 6, '유료', '6화: 그림자의 숲', '2023-06-14', '',200,1025);

INSERT INTO story_tb (book_id, user_id, number, type, title, upload_day, contents, cost , views ) 
VALUES (1, 1, 7, '유료', '7화: 불의 정령과의 계약', '2023-06-21', '',200,1037);

INSERT INTO story_tb (book_id, user_id, number, type, title, upload_day, contents, cost , views ) 
VALUES (1, 1, 8, '유료', '8화: 시간 도둑을 잡아라', '2023-06-28', '',200,978);

INSERT INTO story_tb (book_id, user_id, number, type, title, upload_day, contents, cost , views ) 
VALUES (1, 1, 9, '유료', '9화: 바다의 심장', '2023-07-05', '',200,900);

INSERT INTO story_tb (book_id, user_id, number, type, title, upload_day, contents, cost , views ) 
VALUES (1, 1, 10, '유료', '10화: 하늘을 나는 빗자루', '2023-07-12', '',200,1121);

INSERT INTO story_tb (book_id, user_id, number, type, title, upload_day, contents, cost , views ) 
VALUES (1, 1, 11, '유료', '11화: 얼음의 성', '2023-07-19', '',200,1234);

INSERT INTO story_tb (book_id, user_id, number, type, title, upload_day, contents, cost , views ) 
VALUES (1, 1, 12, '유료', '12화: 불꽃의 의식', '2023-07-26', '',200,1287);

INSERT INTO story_tb (book_id, user_id, number, type, title, upload_day, contents, cost , views ) 
VALUES (1, 1, 13, '유료', '13화: 어둠의 동굴', '2023-08-02', '',200,1315);

INSERT INTO story_tb (book_id, user_id, number, type, title, upload_day, contents, cost , views ) 
VALUES (1, 1, 14, '유료', '14화: 시간의 마법사', '2023-08-09', '',200,1379);

INSERT INTO story_tb (book_id, user_id, number, type, title, upload_day, contents, cost , views ) 
VALUES (1, 1, 15, '유료', '15화: 대지의 영혼', '2023-08-16', '',200,1442);

INSERT INTO story_tb (book_id, user_id, number, type, title, upload_day, contents, cost , views ) 
VALUES (1, 1, 16, '유료', '16화: 바람의 제단', '2023-08-23', '',200,1498);

INSERT INTO story_tb (book_id, user_id, number, type, title, upload_day, contents, cost , views ) 
VALUES (1, 1, 17, '유료', '17화: 신비의 호수', '2023-08-30', '',200,1457);

INSERT INTO story_tb (book_id, user_id, number, type, title, upload_day, contents, cost , views ) 
VALUES (1, 1, 18, '유료', '18화: 불사의 산', '2023-09-06', '',200,1521);

INSERT INTO story_tb (book_id, user_id, number, type, title, upload_day, contents, cost , views ) 
VALUES (1, 1, 19, '유료', '19화: 마법의 탑', '2023-09-13', '',200,1502);

INSERT INTO story_tb (book_id, user_id, number, type, title, upload_day, contents, cost , views ) 
VALUES (1, 1, 20, '유료', '20화: 미라클 마트의 비밀', '2023-09-20', '',200,1458);

-- ------2
insert into book_tb (user_id,title,author_comment,author,category_id , genre_id,
            introduction,age,likes) 
			values(2,'테스트하기2','줄거리테스트2','작가테스트2', '1', '1','소개글2', '15',0);

INSERT INTO story_tb (book_id, user_id, number, type, title, upload_day, contents, cost , views)
VALUES (2, 2,0 , '프롤로그', '테스트','2024-09-01','',0,0);

--  -----3
INSERT INTO book_tb (user_id, title, author_comment, author, category_id, genre_id, introduction, age,likes,serial_day,book_cover_image) 
VALUES (12, '신비의 연금술사와 황금의 약속', '연금술과 판타지 모험의 세계를 그린 소설',
			'작가 B', 3, 5, '잃어버린 여동생을 찾기 위해 다른 세계로 모험을 떠나는 청년의 이야기', '19',325,'일요일','cover/3.png');

INSERT INTO story_tb (book_id, user_id, number, type, title, upload_day, contents, cost , views)
VALUES (3, 12, 0, '프롤로그', '신비의 연금술사와 황금의 약속 - 프롤로그', '2023-10-15','',0,1458);

INSERT INTO story_tb (book_id, user_id, number, type, title, upload_day, contents, cost, views) 
VALUES (3, 12, 1, '유료', '1화: 신비한 만남', '2023-10-22', '', 200, 900);

INSERT INTO story_tb (book_id, user_id, number, type, title, upload_day, contents, cost, views) 
VALUES (3, 12, 2, '유료', '2화: 새로운 동료', '2023-10-29', '', 200, 920);

INSERT INTO story_tb (book_id, user_id, number, type, title, upload_day, contents, cost, views) 
VALUES (3, 12, 3, '유료', '3화: 위험한 숲 속의 그림자', '2023-11-05', '', 200, 940);

INSERT INTO story_tb (book_id, user_id, number, type, title, upload_day, contents, cost, views) 
VALUES (3, 12, 4, '유료', '4화: 마법사의 성', '2023-11-12', '', 200, 960);

INSERT INTO story_tb (book_id, user_id, number, type, title, upload_day, contents, cost, views) 
VALUES (3, 12, 5, '유료', '5화: 마법의 도서관', '2023-11-19', '', 200, 980);

INSERT INTO story_tb (book_id, user_id, number, type, title, upload_day, contents, cost, views) 
VALUES (3, 12, 6, '유료', '6화: 마법의 시험', '2023-11-26', '', 200, 1000);

INSERT INTO story_tb (book_id, user_id, number, type, title, upload_day, contents, cost, views) 
VALUES (3, 12, 7, '유료', '7화: 어둠의 동굴', '2023-12-03', '', 200, 1020);

INSERT INTO story_tb (book_id, user_id, number, type, title, upload_day, contents, cost, views) 
VALUES (3, 12, 8, '유료', '8화: 불의 정령과의 계약', '2023-12-10', '', 200, 1040);

INSERT INTO story_tb (book_id, user_id, number, type, title, upload_day, contents, cost, views) 
VALUES (3, 12, 9, '유료', '9화: 얼음의 미로', '2023-12-17', '', 200, 1060);

INSERT INTO story_tb (book_id, user_id, number, type, title, upload_day, contents, cost, views) 
VALUES (3, 12, 10, '유료', '10화: 신비로운 마법의 숲', '2023-12-24', '', 200, 1080);


-- Book Information SQL
INSERT INTO book_tb (user_id, title, author_comment, author, category_id, genre_id, introduction, age,likes,serial_day,book_cover_image) 
VALUES (21, '바람의 여정과 잃어버린 왕국', '바람 마법을 사용하는 소녀의 모험 이야기', '작가 C', 3, 5, '잃어버린 고대 왕국 에일라스를 찾아 떠나는 리아의 대모험 이야기',
		'15',100,'수요일','cover/4.png');

-- Story Information SQL
INSERT INTO story_tb (book_id, user_id, number, type, title, upload_day, contents,cost , views)
VALUES (4, 21, 0, '프롤로그', '바람의 속삭임', '2024-07-10','',0 , 740);

INSERT INTO story_tb (book_id, user_id, number, type, title, upload_day, contents, cost, views) 
VALUES (4, 21, 1, '유료', '1화: 시작의 바람', '2024-07-17', '', 200, 620);

INSERT INTO story_tb (book_id, user_id, number, type, title, upload_day, contents, cost, views) 
VALUES (4, 21, 2, '유료', '2화: 폭풍의 흔적', '2024-07-24', '', 200, 650);

INSERT INTO story_tb (book_id, user_id, number, type, title, upload_day, contents, cost, views) 
VALUES (4, 21, 3, '유료', '3화: 산속의 정령', '2024-08-07', '', 200, 670);

INSERT INTO story_tb (book_id, user_id, number, type, title, upload_day, contents, cost, views) 
VALUES (4, 21, 4, '유료', '4화: 모래 폭풍의 사막', '2024-08-14', '', 200, 690);

INSERT INTO story_tb (book_id, user_id, number, type, title, upload_day, contents, cost, views) 
VALUES (4, 21, 5, '유료', '5화: 마지막 유물', '2024-08-21', '', 200, 710);

INSERT INTO story_tb (book_id, user_id, number, type, title, upload_day, contents, cost, views) 
VALUES (4, 21, 6, '유료', '6화: 사원의 시험', '2024-08-28', '', 200, 730);

INSERT INTO story_tb (book_id, user_id, number, type, title, upload_day, contents, cost, views) 
VALUES (4, 21, 7, '유료', '7화: 어둠의 계곡', '2024-09-04', '', 200, 750);

INSERT INTO story_tb (book_id, user_id, number, type, title, upload_day, contents, cost, views) 
VALUES (4, 21, 8, '유료', '8화: 에일라스의 부활', '2024-09-11', '', 200, 770);

INSERT INTO story_tb (book_id, user_id, number, type, title, upload_day, contents, cost, views) 
VALUES (4, 21, 9, '유료', '9화: 새로운 위협', '2024-09-18', '', 200, 790);

INSERT INTO story_tb (book_id, user_id, number, type, title, upload_day, contents, cost, views) 
VALUES (4, 21, 10, '유료', '10화: 바람의 선택', '2024-09-25', '', 200, 810);

-- 5 Book Information SQL
INSERT INTO book_tb (user_id, title, author_comment, author, category_id, genre_id, introduction, age,likes,serial_day,book_cover_image) 
VALUES (18, '어둠의 성에서 온 초대장', '저주받은 성과 그곳에 숨겨진 비밀을 밝히려는 모험 이야기', '작가 D', 3, 2, 
						'어둠의 성에서 열리는 신비로운 연회에 초대된 사람들의 이야기', '15',50,'토요일','cover/5.png');

INSERT INTO story_tb (book_id, user_id, number, type, title, upload_day, contents,cost ,views)
VALUES (5, 18, 0, '프롤로그', '어둠 속의 초대', '2023-11-04','', 200 ,153);

INSERT INTO story_tb (book_id, user_id, number, type, title, upload_day, contents, cost, views)
VALUES (5, 18, 1, '유료', '1화: 성의 초대장', '2023-11-11', '', 200, 160);

INSERT INTO story_tb (book_id, user_id, number, type, title, upload_day, contents, cost, views)
VALUES (5, 18, 2, '유료', '2화: 비밀의 열쇠', '2023-11-18', '', 200, 210);

INSERT INTO story_tb (book_id, user_id, number, type, title, upload_day, contents, cost, views)
VALUES (5, 18, 3, '유료', '3화: 그림자의 위협', '2023-11-25', '', 200, 130);

INSERT INTO story_tb (book_id, user_id, number, type, title, upload_day, contents, cost, views)
VALUES (5, 18, 4, '유료', '4화: 고대의 계약', '2023-12-02', '', 200, 100);

INSERT INTO story_tb (book_id, user_id, number, type, title, upload_day, contents, cost, views)
VALUES (5, 18, 5, '유료', '5화: 영혼의 속삭임', '2023-12-09', '', 200, 180);

INSERT INTO story_tb (book_id, user_id, number, type, title, upload_day, contents, cost, views)
VALUES (5, 18, 6, '유료', '6화: 연회의 비밀', '2023-12-16', '', 200, 120);

INSERT INTO story_tb (book_id, user_id, number, type, title, upload_day, contents, cost, views)
VALUES (5, 18, 7, '유료', '7화: 의식의 밤', '2023-12-23', '', 200, 140);

INSERT INTO story_tb (book_id, user_id, number, type, title, upload_day, contents, cost, views)
VALUES (5, 18, 8, '유료', '8화: 그림자의 결투', '2024-12-30', '', 200, 200);

INSERT INTO story_tb (book_id, user_id, number, type, title, upload_day, contents, cost, views)
VALUES (5, 18, 9, '유료', '9화: 저주의 종말', '2024-01-06', '', 200, 180);



-- 6 Book Information SQL
INSERT INTO book_tb (user_id, title, author_comment, author, category_id, genre_id, introduction, age,likes,serial_day,book_cover_image) 
VALUES (28, '붉은 달의 비밀', '금지된 숲과 마법, 그리고 치명적인 사랑 이야기', '작가 F', 3, 7, '붉은 달이 뜨는 밤, 금지된 숲에서 벌어지는 마법과 사랑의 위험한 게임',
						'19',550,'수요일','cover/6.png');

INSERT INTO story_tb (book_id, user_id, number, type, title, upload_day,contents,cost ,views)
VALUES (6, 28, 0, '프롤로그', '붉은 달의 저주', '2022-08-03','',0,882);

INSERT INTO story_tb (book_id, user_id, number, type, title, upload_day, contents, cost, views)
VALUES (6, 28, 1, '유료', '1화: 붉은 달의 유혹', '2022-08-10', '', 200, 690);

INSERT INTO story_tb (book_id, user_id, number, type, title, upload_day, contents, cost, views)
VALUES (6, 28, 2, '유료', '2화: 숲의 비밀', '2022-08-17', '', 200, 500);

INSERT INTO story_tb (book_id, user_id, number, type, title, upload_day, contents, cost, views)
VALUES (6, 28, 3, '유료', '3화: 마법의 유물', '2022-08-24', '', 200, 710);

INSERT INTO story_tb (book_id, user_id, number, type, title, upload_day, contents, cost, views)
VALUES (6, 28, 4, '유료', '4화: 금단의 사랑', '2022-08-31', '', 200, 600);

INSERT INTO story_tb (book_id, user_id, number, type, title, upload_day, contents, cost, views)
VALUES (6, 28, 5, '유료', '5화: 그림자 속의 진실', '2022-09-07', '', 200, 780);

INSERT INTO story_tb (book_id, user_id, number, type, title, upload_day, contents, cost, views)
VALUES (6, 28, 6, '유료', '6화: 붉은 달의 밤', '2022-09-14', '', 200, 670);

INSERT INTO story_tb (book_id, user_id, number, type, title, upload_day, contents, cost, views)
VALUES (6, 28, 7, '유료', '7화: 운명의 선택', '2022-09-21', '', 200, 900);

INSERT INTO story_tb (book_id, user_id, number, type, title, upload_day, contents, cost, views)
VALUES (6, 28, 8, '유료', '8화: 사랑과 희생', '2022-09-28', '', 200, 850);

INSERT INTO story_tb (book_id, user_id, number, type, title, upload_day, contents, cost, views)
VALUES (6, 28, 9, '유료', '9화: 최후의 결전', '2022-10-05', '', 200, 600);



-- 7 Book Information SQL
INSERT INTO book_tb (user_id, title, author_comment, author, category_id, genre_id, introduction, age,likes,serial_day,book_cover_image) 
VALUES (15, '밤의 연금술사', '금단의 연금술을 탐구하는 두 사람의 어두운 이야기', '작가 G', 3, 5, '연금술의 금기를 깨고 강력한 힘을 얻기 위한 위험한 실험과 그로 인한 갈등',
	'19',80,'금요일','cover/7.png');

INSERT INTO story_tb (book_id, user_id, number, type, title, upload_day, contents ,cost ,views)
VALUES (7, 15, 0, '프롤로그', '밤의 시작', '2024-05-03','',0,560);

INSERT INTO story_tb (book_id, user_id, number, type, title, upload_day, contents, cost, views)
VALUES (7, 15, 1, '유료', '1화: 금기의 시작', '2024-05-10', '', 200, 650);

INSERT INTO story_tb (book_id, user_id, number, type, title, upload_day, contents, cost, views)
VALUES (7, 15, 2, '유료', '2화: 금단의 서', '2024-05-17', '', 200, 700);

INSERT INTO story_tb (book_id, user_id, number, type, title, upload_day, contents, cost, views)
VALUES (7, 15, 3, '유료', '3화: 금단의 비밀', '2024-05-24', '', 200, 520);

INSERT INTO story_tb (book_id, user_id, number, type, title, upload_day, contents, cost, views)
VALUES (7, 15, 4, '유료', '4화: 마법의 서', '2024-05-31', '', 200, 620);

INSERT INTO story_tb (book_id, user_id, number, type, title, upload_day, contents, cost, views)
VALUES (7, 15, 5, '유료', '5화: 시험의 날', '2024-06-07', '', 200, 680);

INSERT INTO story_tb (book_id, user_id, number, type, title, upload_day, contents, cost, views)
VALUES (7, 15, 6, '유료', '6화: 어둠의 힘', '2024-06-14', '', 200, 760);

INSERT INTO story_tb (book_id, user_id, number, type, title, upload_day, contents, cost, views)
VALUES (7, 15, 7, '유료', '7화: 힘의 대가', '2024-06-21', '', 200, 720);

INSERT INTO story_tb (book_id, user_id, number, type, title, upload_day, contents, cost, views)
VALUES (7, 15, 8, '유료', '8화: 어둠의 진실', '2024-06-28', '', 200, 640);

INSERT INTO story_tb (book_id, user_id, number, type, title, upload_day, contents, cost, views)
VALUES (7, 15, 9, '유료', '9화: 최후의 결단', '2024-07-05', '', 200, 580);



--  8 Book Information 
INSERT INTO book_tb (user_id, title, author_comment, author, category_id, genre_id, introduction, age,likes,serial_day,book_cover_image) 
VALUES (10, '빛의 수호자와 마법의 샘', '마법의 세계에서 빛을 되찾기 위한 소년의 모험 이야기', '작가 H', 3, 5, '마법의 샘을 지키기 위해 떠나는 소년 알렉스의 이야기',
	'15',100,'목요일','cover/8.png');

INSERT INTO story_tb (book_id, user_id, number, type, title, upload_day, contents ,cost ,views)
VALUES (8, 10, 0, '프롤로그', '마법의 시작', '2023-05-16','' ,0 ,632);

INSERT INTO story_tb (book_id, user_id, number, type, title, upload_day, contents, cost, views)
VALUES (8, 10, 1, '유료', '1화: 마법의 첫 걸음', '2024-05-23', '', 200, 680);

INSERT INTO story_tb (book_id, user_id, number, type, title, upload_day, contents, cost, views)
VALUES (8, 10, 2, '유료', '2화: 숨겨진 샘물', '2024-05-30', '', 200, 456);

INSERT INTO story_tb (book_id, user_id, number, type, title, upload_day, contents, cost, views)
VALUES (8, 10, 3, '유료', '3화: 수호자의 비밀', '2024-06-06', '', 200, 816);

INSERT INTO story_tb (book_id, user_id, number, type, title, upload_day, contents, cost, views)
VALUES (8, 10, 4, '유료', '4화: 어둠의 그림자', '2024-06-13', '', 200, 722);

INSERT INTO story_tb (book_id, user_id, number, type, title, upload_day, contents, cost, views)
VALUES (8, 10, 5, '유료', '5화: 빛의 부활', '2024-06-20', '', 200, 471);

INSERT INTO story_tb (book_id, user_id, number, type, title, upload_day, contents, cost, views)
VALUES (8, 10, 6, '유료', '6화: 샘물을 지키는 자', '2024-06-27', '', 200, 630);

INSERT INTO story_tb (book_id, user_id, number, type, title, upload_day, contents, cost, views)
VALUES (8, 10, 7, '유료', '7화: 잃어버린 마법', '2024-07-04', '', 200, 820);

INSERT INTO story_tb (book_id, user_id, number, type, title, upload_day, contents, cost, views)
VALUES (8, 10, 8, '유료', '8화: 힘의 근원', '2024-07-11', '', 200, 550);

INSERT INTO story_tb (book_id, user_id, number, type, title, upload_day, contents, cost, views)
VALUES (8, 10, 9, '유료', '9화: 최후의 시험', '2024-07-18', '', 200, 700);




-- 9  Book Information 
INSERT INTO book_tb (user_id, title, author_comment, author, category_id, genre_id, introduction, age,likes,serial_day,book_cover_image) 
VALUES (20, '그림자의 연인', '귀족 사회의 어둠과 마법의 사랑 이야기', '작가 I', 3, 7, '아름다움과 금단의 마법에 얽힌 위험한 사랑 이야기', '19',23,'토요일','cover/9.png');

INSERT INTO story_tb (book_id, user_id, number, type, title, upload_day, contents ,cost ,views )
VALUES (9, 20, 0, '프롤로그', '어둠 속의 매혹', '2023-11-03','', 0, 849);

INSERT INTO story_tb (book_id, user_id, number, type, title, upload_day, contents, cost, views)
VALUES (9, 20, 1, '유료', '1화: 그림자의 부름', '2023-11-10', '', 200, 900);

INSERT INTO story_tb (book_id, user_id, number, type, title, upload_day, contents, cost, views)
VALUES (9, 20, 2, '유료', '2화: 금지된 사랑', '2023-11-17', '', 200, 800);

INSERT INTO story_tb (book_id, user_id, number, type, title, upload_day, contents, cost, views)
VALUES (9, 20, 3, '유료', '3화: 어둠 속의 춤', '2023-11-24', '', 200, 700);

INSERT INTO story_tb (book_id, user_id, number, type, title, upload_day, contents, cost, views)
VALUES (9, 20, 4, '유료', '4화: 비밀의 연인', '2023-12-01', '', 200, 850);

INSERT INTO story_tb (book_id, user_id, number, type, title, upload_day, contents, cost, views)
VALUES (9, 20, 5, '유료', '5화: 마법의 대가', '2023-12-08', '', 200, 870);

INSERT INTO story_tb (book_id, user_id, number, type, title, upload_day, contents, cost, views)
VALUES (9, 20, 6, '유료', '6화: 심연으로의 초대', '2023-12-15', '', 200, 880);

INSERT INTO story_tb (book_id, user_id, number, type, title, upload_day, contents, cost, views)
VALUES (9, 20, 7, '유료', '7화: 그림자의 운명', '2023-12-22', '', 200, 920);

INSERT INTO story_tb (book_id, user_id, number, type, title, upload_day, contents, cost, views)
VALUES (9, 20, 8, '유료', '8화: 진실과 거짓', '2023-12-29', '', 200, 940);

INSERT INTO story_tb (book_id, user_id, number, type, title, upload_day, contents, cost, views)
VALUES (9, 20, 9, '유료', '9화: 최후의 선택', '2024-01-05', '', 200, 870);

-- 10  Book Information 
INSERT INTO book_tb (user_id, title, author_comment, author, category_id, genre_id, introduction, age,likes,serial_day,book_cover_image) 
VALUES (14, '시간의 미로 속에서', '시간을 초월한 모험과 비밀을 찾아 나서는 이야기', '작가 J', 3, 5, '시간의 미로에 갇혀 잃어버린 기억과 과거의 죄책감을 마주하는 탐험 이야기',
			'15',15,'금요일','cover/10.png');

INSERT INTO story_tb (book_id, user_id, number, type, title, upload_day, contents ,cost ,views)
VALUES (10, 14, 0, '프롤로그', '미로의 입구', '2024-01-15','', 0 ,564);

INSERT INTO story_tb (book_id, user_id, number, type, title, upload_day, contents, cost, views)
VALUES (10, 14, 1, '유료', '1화: 시간의 문', '2024-01-22', '', 200, 600);

INSERT INTO story_tb (book_id, user_id, number, type, title, upload_day, contents, cost, views)
VALUES (10, 14, 2, '유료', '2화: 잃어버린 기억', '2024-01-29', '', 200, 500);

INSERT INTO story_tb (book_id, user_id, number, type, title, upload_day, contents, cost, views)
VALUES (10, 14, 3, '유료', '3화: 과거와의 대면', '2024-02-05', '', 200, 450);

INSERT INTO story_tb (book_id, user_id, number, type, title, upload_day, contents, cost, views)
VALUES (10, 14, 4, '유료', '4화: 미로 속의 미로', '2024-02-12', '', 200, 580);

INSERT INTO story_tb (book_id, user_id, number, type, title, upload_day, contents, cost, views)
VALUES (10, 14, 5, '유료', '5화: 운명의 전환', '2024-02-19', '', 200, 600);

INSERT INTO story_tb (book_id, user_id, number, type, title, upload_day, contents, cost, views)
VALUES (10, 14, 6, '유료', '6화: 시간의 수수께끼', '2024-02-26', '', 200, 650);

INSERT INTO story_tb (book_id, user_id, number, type, title, upload_day, contents, cost, views)
VALUES (10, 14, 7, '유료', '7화: 과거의 그림자', '2024-03-04', '', 200, 580);

INSERT INTO story_tb (book_id, user_id, number, type, title, upload_day, contents, cost, views)
VALUES (10, 14, 8, '유료', '8화: 새로운 시간대', '2024-03-11', '', 200, 640);

INSERT INTO story_tb (book_id, user_id, number, type, title, upload_day, contents, cost, views)
VALUES (10, 14, 9, '유료', '9화: 마지막 퍼즐', '2024-03-18', '', 200, 520);

-- 11  Book Information 
INSERT INTO book_tb (user_id, title, author_comment, author, category_id, genre_id, introduction, age,likes,serial_day,book_cover_image) 
VALUES (18, '얼어붙은 대지의 심장', '끝없는 겨울을 끝내기 위한 기사단의 희생과 모험 이야기', '작가 K', 3, 5, '얼어붙은 대지의 저주를 풀기 위해 설산의 심장부로 향하는 기사단의 여정', 
			'15',10,'화요일','cover/11.png');

INSERT INTO story_tb (book_id, user_id, number, type, title, upload_day, contents ,cost ,views)
VALUES (11, 18, 0, '프롤로그', '얼어붙은 심장', '2023-08-30','' , 0 ,932);

INSERT INTO story_tb (book_id, user_id, number, type, title, upload_day, contents, cost, views)
VALUES (11, 18, 1, '유료', '1화: 겨울의 저주', '2023-09-06', '', 200, 980);

INSERT INTO story_tb (book_id, user_id, number, type, title, upload_day, contents, cost, views)
VALUES (11, 18, 2, '유료', '2화: 얼어붙은 심장', '2023-09-13', '', 200, 840);

INSERT INTO story_tb (book_id, user_id, number, type, title, upload_day, contents, cost, views)
VALUES (11, 18, 3, '유료', '3화: 눈 속의 진실', '2023-09-20', '', 200, 920);

INSERT INTO story_tb (book_id, user_id, number, type, title, upload_day, contents, cost, views)
VALUES (11, 18, 4, '유료', '4화: 설산의 전설', '2023-09-27', '', 200, 880);

INSERT INTO story_tb (book_id, user_id, number, type, title, upload_day, contents, cost, views)
VALUES (11, 18, 5, '유료', '5화: 얼음의 전사', '2023-10-04', '', 200, 890);

INSERT INTO story_tb (book_id, user_id, number, type, title, upload_day, contents, cost, views)
VALUES (11, 18, 6, '유료', '6화: 희생의 서사시', '2023-10-11', '', 200, 950);

INSERT INTO story_tb (book_id, user_id, number, type, title, upload_day, contents, cost, views)
VALUES (11, 18, 7, '유료', '7화: 대지의 울음', '2023-10-18', '', 200, 900);

INSERT INTO story_tb (book_id, user_id, number, type, title, upload_day, contents, cost, views)
VALUES (11, 18, 8, '유료', '8화: 불의 도전', '2023-10-25', '', 200, 860);

INSERT INTO story_tb (book_id, user_id, number, type, title, upload_day, contents, cost, views)
VALUES (11, 18, 9, '유료', '9화: 저주의 파괴', '2023-11-01', '', 200, 920);




--  12  Book Information 
INSERT INTO book_tb (user_id, title, author_comment, author, category_id, genre_id, introduction, age,likes,serial_day,book_cover_image) 
VALUES (22, '밤의 정원사', '어둠 속의 정원과 그곳에 숨겨진 치명적인 비밀 이야기', '작가 L', 3, 2, '밤마다 정원을 가꾸는 미스터리한 정원사와 그의 어두운 비밀', 
							'19',20,'화요일','cover/12.png');

INSERT INTO story_tb (book_id, user_id, number, type, title, upload_day, contents ,cost ,views)
VALUES (12, 22, 0, '프롤로그', '정원의 속삭임', '2024-02-09','', 0 ,821);

INSERT INTO story_tb (book_id, user_id, number, type, title, upload_day, contents, cost, views)
VALUES (12, 22, 1, '유료', '1화: 정원의 비밀', '2024-02-16', '', 200, 870);

INSERT INTO story_tb (book_id, user_id, number, type, title, upload_day, contents, cost, views)
VALUES (12, 22, 2, '유료', '2화: 어둠의 정원사', '2024-02-23', '', 200, 810);

INSERT INTO story_tb (book_id, user_id, number, type, title, upload_day, contents, cost, views)
VALUES (12, 22, 3, '유료', '3화: 치명적인 유혹', '2024-03-01', '', 200, 780);

INSERT INTO story_tb (book_id, user_id, number, type, title, upload_day, contents, cost, views)
VALUES (12, 22, 4, '유료', '4화: 숨겨진 진실', '2024-03-08', '', 200, 850);

INSERT INTO story_tb (book_id, user_id, number, type, title, upload_day, contents, cost, views)
VALUES (12, 22, 5, '유료', '5화: 밤의 꽃', '2024-03-15', '', 200, 790);

INSERT INTO story_tb (book_id, user_id, number, type, title, upload_day, contents, cost, views)
VALUES (12, 22, 6, '유료', '6화: 정원의 수호자', '2024-03-22', '', 200, 830);

INSERT INTO story_tb (book_id, user_id, number, type, title, upload_day, contents, cost, views)
VALUES (12, 22, 7, '유료', '7화: 그림자 속의 비밀', '2024-03-29', '', 200, 800);

INSERT INTO story_tb (book_id, user_id, number, type, title, upload_day, contents, cost, views)
VALUES (12, 22, 8, '유료', '8화: 최후의 시련', '2024-04-05', '', 200, 870);

INSERT INTO story_tb (book_id, user_id, number, type, title, upload_day, contents, cost, views)
VALUES (12, 22, 9, '유료', '9화: 정원의 부활', '2024-04-12', '', 200, 800);


--   13    Book Information
INSERT INTO book_tb (user_id, title, author_comment, author, category_id, genre_id, introduction, age,likes,serial_day,book_cover_image) 
VALUES (13, '용의 숨결 속으로', '용들과의 싸움과 평화를 찾아 떠나는 소녀의 이야기', '작가 M', 3, 5, '용들의 폭주로 혼란에 빠진 왕국을 구하기 위한 아일라의 모험',
			'15',150,'목요일','cover/13.png');

INSERT INTO story_tb (book_id, user_id, number, type, title, upload_day, contents ,cost ,views)
VALUES (13, 13, 0, '프롤로그', '용의 울부짖음', '2023-12-11','', 0 ,437);

INSERT INTO story_tb (book_id, user_id, number, type, title, upload_day, contents, cost, views)
VALUES (13, 13, 1, '유료', '1화: 용의 알', '2023-12-18', '', 200, 430);

INSERT INTO story_tb (book_id, user_id, number, type, title, upload_day, contents, cost, views)
VALUES (13, 13, 2, '유료', '2화: 폭주의 서막', '2023-12-25', '', 200, 470);

INSERT INTO story_tb (book_id, user_id, number, type, title, upload_day, contents, cost, views)
VALUES (13, 13, 3, '유료', '3화: 왕국의 위기', '2024-01-01', '', 200, 410);

INSERT INTO story_tb (book_id, user_id, number, type, title, upload_day, contents, cost, views)
VALUES (13, 13, 4, '유료', '4화: 평화의 갈림길', '2024-01-08', '', 200, 420);

INSERT INTO story_tb (book_id, user_id, number, type, title, upload_day, contents, cost, views)
VALUES (13, 13, 5, '유료', '5화: 용과의 만남', '2024-01-15', '', 200, 460);

INSERT INTO story_tb (book_id, user_id, number, type, title, upload_day, contents, cost, views)
VALUES (13, 13, 6, '유료', '6화: 왕국의 구원자', '2024-01-22', '', 200, 490);

INSERT INTO story_tb (book_id, user_id, number, type, title, upload_day, contents, cost, views)
VALUES (13, 13, 7, '유료', '7화: 불의 시험', '2024-01-29', '', 200, 480);

INSERT INTO story_tb (book_id, user_id, number, type, title, upload_day, contents, cost, views)
VALUES (13, 13, 8, '유료', '8화: 새로운 용의 탄생', '2024-02-05', '', 200, 450);

INSERT INTO story_tb (book_id, user_id, number, type, title, upload_day, contents, cost, views)
VALUES (13, 13, 9, '유료', '9화: 마지막 전투', '2024-02-12', '', 200, 440);





--   14   Book Information
INSERT INTO book_tb (user_id, title, author_comment, author, category_id, genre_id, introduction, age,likes,serial_day,book_cover_image) 
VALUES (24, '밤의 연회', '어둠 속의 연회에서 벌어지는 위험한 음모와 유혹 이야기', '작가 N', 3, 2, '비밀스러운 연회에서 도시의 어두운 비밀을 밝히려는 첩보원의 이야기',
		'19',44,'금요일','cover/14.png');

INSERT INTO story_tb (book_id, user_id, number, type, title, upload_day, contents ,cost ,views)
VALUES (14, 24, 0, '프롤로그', '어둠의 서곡', '2024-03-18','' , 0 , 812);

INSERT INTO story_tb (book_id, user_id, number, type, title, upload_day, contents, cost, views)
VALUES (14, 24, 1, '유료', '1화: 연회의 초대장', '2024-03-25', '', 200, 780);

INSERT INTO story_tb (book_id, user_id, number, type, title, upload_day, contents, cost, views)
VALUES (14, 24, 2, '유료', '2화: 어둠의 음모', '2024-04-01', '', 200, 820);

INSERT INTO story_tb (book_id, user_id, number, type, title, upload_day, contents, cost, views)
VALUES (14, 24, 3, '유료', '3화: 비밀의 요원', '2024-04-08', '', 200, 800);

INSERT INTO story_tb (book_id, user_id, number, type, title, upload_day, contents, cost, views)
VALUES (14, 24, 4, '유료', '4화: 도시의 비밀', '2024-04-15', '', 200, 850);

INSERT INTO story_tb (book_id, user_id, number, type, title, upload_day, contents, cost, views)
VALUES (14, 24, 5, '유료', '5화: 연회의 소리', '2024-04-22', '', 200, 830);

INSERT INTO story_tb (book_id, user_id, number, type, title, upload_day, contents, cost, views)
VALUES (14, 24, 6, '유료', '6화: 어둠의 전조', '2024-04-29', '', 200, 810);

INSERT INTO story_tb (book_id, user_id, number, type, title, upload_day, contents, cost, views)
VALUES (14, 24, 7, '유료', '7화: 위험한 유혹', '2024-05-06', '', 200, 840);

INSERT INTO story_tb (book_id, user_id, number, type, title, upload_day, contents, cost, views)
VALUES (14, 24, 8, '유료', '8화: 최후의 연회', '2024-05-13', '', 200, 790);

INSERT INTO story_tb (book_id, user_id, number, type, title, upload_day, contents, cost, views)
VALUES (14, 24, 9, '유료', '9화: 비밀의 폭로', '2024-05-20', '', 200, 800);



--  15   Book Information
INSERT INTO book_tb (user_id, title, author_comment, author, category_id, genre_id, introduction, age,likes,serial_day,book_cover_image) 
VALUES (16, '불멸의 전사', '전설적인 힘을 가진 전사가 세상의 운명을 결정짓는 이야기', '작가 O', 3, 5, '불멸의 전사의 후손이 되어 세상을 지키기 위해 싸우는 칼릭스의 이야기',
			'15',57,'일요일','cover/15.png');

INSERT INTO story_tb (book_id, user_id, number, type, title, upload_day, contents ,cost ,views)
VALUES (15, 16, 0, '프롤로그', '전설의 검', '2024-04-21','' ,0 ,1100);

INSERT INTO story_tb (book_id, user_id, number, type, title, upload_day, contents, cost, views)
VALUES (15, 16, 1, '유료', '1화: 전사의 서약', '2024-04-28', '', 200, 1050);

INSERT INTO story_tb (book_id, user_id, number, type, title, upload_day, contents, cost, views)
VALUES (15, 16, 2, '유료', '2화: 전설의 시작', '2024-05-05', '', 200, 1030);

INSERT INTO story_tb (book_id, user_id, number, type, title, upload_day, contents, cost, views)
VALUES (15, 16, 3, '유료', '3화: 불멸의 힘', '2024-05-12', '', 200, 1080);

INSERT INTO story_tb (book_id, user_id, number, type, title, upload_day, contents, cost, views)
VALUES (15, 16, 4, '유료', '4화: 전사의 시험', '2024-05-19', '', 200, 1120);

INSERT INTO story_tb (book_id, user_id, number, type, title, upload_day, contents, cost, views)
VALUES (15, 16, 5, '유료', '5화: 힘의 갈림길', '2024-05-26', '', 200, 1090);

INSERT INTO story_tb (book_id, user_id, number, type, title, upload_day, contents, cost, views)
VALUES (15, 16, 6, '유료', '6화: 새로운 적', '2024-06-02', '', 200, 1150);

INSERT INTO story_tb (book_id, user_id, number, type, title, upload_day, contents, cost, views)
VALUES (15, 16, 7, '유료', '7화: 전사의 운명', '2024-06-09', '', 200, 1070);

INSERT INTO story_tb (book_id, user_id, number, type, title, upload_day, contents, cost, views)
VALUES (15, 16, 8, '유료', '8화: 불멸의 비밀', '2024-06-16', '', 200, 1100);

INSERT INTO story_tb (book_id, user_id, number, type, title, upload_day, contents, cost, views)
VALUES (15, 16, 9, '유료', '9화: 최후의 전투', '2024-06-23', '', 200, 1060);

--   16    Book Information 
INSERT INTO book_tb (user_id, title, author_comment, author, category_id, genre_id, introduction, age,likes,serial_day,book_cover_image) 
VALUES (19, '검은 바다의 지배자', '전설의 바다에서 보물을 찾는 용감한 항해자의 이야기', '작가 P', 3, 11, '검은 바다에서 숨겨진 비밀을 찾기 위해 위험을 무릅쓰고 항해하는 리안의 모험', 
			'15',250,'화요일','cover/16.png');

INSERT INTO story_tb (book_id, user_id, number, type, title, upload_day, contents ,cost ,views)
VALUES (16, 19, 0, '프롤로그', '바다의 부름', '2024-01-11','',0 ,681 );

INSERT INTO story_tb (book_id, user_id, number, type, title, upload_day, contents, cost, views)
VALUES (16, 19, 1, '유료', '1화: 바다의 속삭임', '2024-01-18', '', 200, 720);

INSERT INTO story_tb (book_id, user_id, number, type, title, upload_day, contents, cost, views)
VALUES (16, 19, 2, '유료', '2화: 항해의 시작', '2024-01-25', '', 200, 650);

INSERT INTO story_tb (book_id, user_id, number, type, title, upload_day, contents, cost, views)
VALUES (16, 19, 3, '유료', '3화: 보물의 비밀', '2024-02-01', '', 200, 630);

INSERT INTO story_tb (book_id, user_id, number, type, title, upload_day, contents, cost, views)
VALUES (16, 19, 4, '유료', '4화: 해적의 습격', '2024-02-08', '', 200, 700);

INSERT INTO story_tb (book_id, user_id, number, type, title, upload_day, contents, cost, views)
VALUES (16, 19, 5, '유료', '5화: 바다의 전설', '2024-02-15', '', 200, 690);

INSERT INTO story_tb (book_id, user_id, number, type, title, upload_day, contents, cost, views)
VALUES (16, 19, 6, '유료', '6화: 용감한 항해자', '2024-02-22', '', 200, 710);

INSERT INTO story_tb (book_id, user_id, number, type, title, upload_day, contents, cost, views)
VALUES (16, 19, 7, '유료', '7화: 위험한 폭풍', '2024-02-29', '', 200, 680);

INSERT INTO story_tb (book_id, user_id, number, type, title, upload_day, contents, cost, views)
VALUES (16, 19, 8, '유료', '8화: 검은 바다의 심연', '2024-03-07', '', 200, 660);

INSERT INTO story_tb (book_id, user_id, number, type, title, upload_day, contents, cost, views)
VALUES (16, 19, 9, '유료', '9화: 최후의 항해', '2024-03-14', '', 200, 690);

--   17  Book Information 
INSERT INTO book_tb (user_id, title, author_comment, author, category_id, genre_id, introduction, age,likes,serial_day,book_cover_image) 
VALUES (17, '황혼의 성벽', '어둠의 세계와 싸우는 수호자의 이야기', '작가 Q', 3, 2, '세상과 어둠의 세계를 가르는 성벽을 지키기 위한 엘리야의 마지막 전투',
			'19',22,'목요일','cover/17.png');

INSERT INTO story_tb (book_id, user_id, number, type, title, upload_day, contents ,cost ,views)
VALUES (17, 17, 0, '프롤로그', '성벽의 균열', '2023-11-07','', 0 ,991);

INSERT INTO story_tb (book_id, user_id, number, type, title, upload_day, contents, cost, views)
VALUES (17, 17, 1, '유료', '1화: 성벽의 수호자', '2023-11-14', '', 200, 970);

INSERT INTO story_tb (book_id, user_id, number, type, title, upload_day, contents, cost, views)
VALUES (17, 17, 2, '유료', '2화: 어둠의 침략', '2023-11-21', '', 200, 990);

INSERT INTO story_tb (book_id, user_id, number, type, title, upload_day, contents, cost, views)
VALUES (17, 17, 3, '유료', '3화: 빛의 전사', '2023-11-28', '', 200, 950);

INSERT INTO story_tb (book_id, user_id, number, type, title, upload_day, contents, cost, views)
VALUES (17, 17, 4, '유료', '4화: 성벽을 넘어서', '2023-12-05', '', 200, 930);

INSERT INTO story_tb (book_id, user_id, number, type, title, upload_day, contents, cost, views)
VALUES (17, 17, 5, '유료', '5화: 마지막 방어', '2023-12-12', '', 200, 940);

INSERT INTO story_tb (book_id, user_id, number, type, title, upload_day, contents, cost, views)
VALUES (17, 17, 6, '유료', '6화: 적과의 대치', '2023-12-19', '', 200, 910);

INSERT INTO story_tb (book_id, user_id, number, type, title, upload_day, contents, cost, views)
VALUES (17, 17, 7, '유료', '7화: 전사의 부활', '2023-12-26', '', 200, 880);

INSERT INTO story_tb (book_id, user_id, number, type, title, upload_day, contents, cost, views)
VALUES (17, 17, 8, '유료', '8화: 성벽의 숨결', '2024-01-02', '', 200, 930);

INSERT INTO story_tb (book_id, user_id, number, type, title, upload_day, contents, cost, views)
VALUES (17, 17, 9, '유료', '9화: 최후의 선택', '2024-01-09', '', 200, 920);


--   18   Book Information 
INSERT INTO book_tb (user_id, title, author_comment, author, category_id, genre_id, introduction, age,likes,serial_day,book_cover_image) 
VALUES (26, '별빛 아래의 서약', '별빛 아래에서 맺은 사랑과 모험 이야기', '작가 R', 3, 7, '별빛 숲에서 사랑을 찾고 마법적 서약을 맺은 연인의 이야기',
			'15',13,'토요일','cover/18.png');

INSERT INTO story_tb (book_id, user_id, number, type, title, upload_day, contents ,cost ,views)
VALUES (18, 26, 0, '프롤로그', '별빛의 약속', '2023-10-15','', 0 , 874);

INSERT INTO story_tb (book_id, user_id, number, type, title, upload_day, contents, cost, views)
VALUES (18, 26, 1, '유료', '1화: 별빛의 서약', '2023-10-22', '', 200, 800);

INSERT INTO story_tb (book_id, user_id, number, type, title, upload_day, contents, cost, views)
VALUES (18, 26, 2, '유료', '2화: 사랑과 모험', '2023-10-29', '', 200, 860);

INSERT INTO story_tb (book_id, user_id, number, type, title, upload_day, contents, cost, views)
VALUES (18, 26, 3, '유료', '3화: 마법적 서약', '2023-11-05', '', 200, 810);

INSERT INTO story_tb (book_id, user_id, number, type, title, upload_day, contents, cost, views)
VALUES (18, 26, 4, '유료', '4화: 별빛 숲의 비밀', '2023-11-12', '', 200, 780);

INSERT INTO story_tb (book_id, user_id, number, type, title, upload_day, contents, cost, views)
VALUES (18, 26, 5, '유료', '5화: 영원의 맹세', '2023-11-19', '', 200, 820);

INSERT INTO story_tb (book_id, user_id, number, type, title, upload_day, contents, cost, views)
VALUES (18, 26, 6, '유료', '6화: 마법의 유대', '2023-11-26', '', 200, 790);

INSERT INTO story_tb (book_id, user_id, number, type, title, upload_day, contents, cost, views)
VALUES (18, 26, 7, '유료', '7화: 별빛 속의 진실', '2023-12-03', '', 200, 810);

INSERT INTO story_tb (book_id, user_id, number, type, title, upload_day, contents, cost, views)
VALUES (18, 26, 8, '유료', '8화: 위험한 선택', '2023-12-10', '', 200, 830);

INSERT INTO story_tb (book_id, user_id, number, type, title, upload_day, contents, cost, views)
VALUES (18, 26, 9, '유료', '9화: 최후의 사랑', '2023-12-17', '', 200, 800);

-- 북태그
insert into book_tag_tb (book_id, tag_id) values (1,1);
insert into book_tag_tb (book_id, tag_id) values (1,2);
insert into book_tag_tb (book_id, tag_id) values (1,3);


-- 리워드 테이블 삽입
INSERT INTO reward_tb (project_id, reward_content, reward_point)
VALUES 
(1, '프로젝트 1 리워드 내용', 10000),
(2, '프로젝트 2 리워드 내용', 15000),
(3, '프로젝트 3 리워드 내용', 20000),
(4, '프로젝트 4 리워드 내용', 25000),
(5, '프로젝트 5 리워드 내용', 30000);
 

-- 프로젝트 테이블 삽입
INSERT INTO project_tb (user_id, book_id, title, contents, reward_id, goal, date_end, staff_agree)
VALUES (1, 1, '임시프로젝트타이틀1', '내용입니다', 1, 20000, '2024-09-09', 'Y'),
       (2, 2, '임시프로젝트타이틀2', '내용입니다', 2, 25000, '2024-09-20', 'Y'),
       (3, 3, '임시프로젝트타이틀3', '내용입니다', 3, 40000, '2024-10-10', 'Y'),
       (4, 4, '임시프로젝트타이틀4', '내용입니다', 4, 30000, '2024-09-05', 'Y'),
       (5, 5, '임시프로젝트타이틀5', '내용입니다', 5, 10000, '2024-11-09', 'Y');


-- funding_tb에 데이터 삽입
INSERT INTO funding_tb (user_id, reward_id, canceled_At, confirm_success)
VALUES 
(1, 1, '2024-09-09', 'Y'),
(2, 2, '2024-09-10', 'Y'),
(3, 3, '2024-09-11', 'Y'),
(4, 4, '2024-09-12', 'Y'),
(5, 5, '2024-09-13', 'Y');
-- 펀딩 히스토리 테이블 삽입
INSERT INTO funding_history_tb (project_id)
VALUES (1), (2), (3), (4), (5);

-- user_tb에서 랜덤한 user_id를 가져오되, view_day, view_month, view_year에 중복되지 않도록 설정
INSERT INTO book_views_rating_tb (book_id, view_year, view_month, view_day, views, rating, user_id)
SELECT 
    s.book_id,
    EXTRACT(YEAR FROM s.upload_day) AS view_year,      -- story_tb의 upload_day에서 연도 추출
    EXTRACT(MONTH FROM s.upload_day) AS view_month,    -- story_tb의 upload_day에서 월 추출
    EXTRACT(DAY FROM s.upload_day) AS view_day,        -- story_tb의 upload_day에서 일 추출
    s.views,                                           -- story_tb의 views 값을 가져옴
    ROUND(1 + (RAND() * 4), 1) AS rating,              -- 1.0 ~ 5.0 사이의 랜덤 평점 생성 (소수점 한 자릿수까지)
    (SELECT u.user_id FROM user_tb u 
     WHERE NOT EXISTS (SELECT 1 FROM book_views_rating_tb bvr 
                       WHERE bvr.view_day = EXTRACT(DAY FROM s.upload_day) 
                       AND bvr.view_month = EXTRACT(MONTH FROM s.upload_day) 
                       AND bvr.view_year = EXTRACT(YEAR FROM s.upload_day) 
                       AND bvr.user_id = u.user_id)
     ORDER BY RAND() LIMIT 1) AS user_id              -- user_id 중복 방지
FROM
    story_tb s;

