insert into user_tb (nick_name, phone_number, email, password)
values( '박정훈1', '010-4548-5678', 'test@test.com', '$2a$10$Y1mXaXaj5Y2m.IJkH58IwOZF8SSctsvP37WTrp82ambaSeSEyxZwe');

insert into user_tb (nick_name, phone_number, email, password)
values( '정해주', '010-4548-5678', 'test1@naver.com', '$2a$10$Y1mXaXaj5Y2m.IJkH58IwOZF8SSctsvP37WTrp82ambaSeSEyxZwe');

-- 관리자 ID------------------------- 3~6
insert into user_tb (nick_name, phone_number, email, password, role)
values( '관리자해주', '010-1234-5678', 't1@naver.com', '$2a$10$Y1mXaXaj5Y2m.IJkH58IwOZF8SSctsvP37WTrp82ambaSeSEyxZwe', 'admin');
insert into user_tb (nick_name, phone_number, email, password, role)
values( '관리자1', '010-1111-2222', 'admin@naver.com', '$2a$10$Y1mXaXaj5Y2m.IJkH58IwOZF8SSctsvP37WTrp82ambaSeSEyxZwe', 'admin');
insert into user_tb (nick_name, phone_number, email, password, role)
values( '관리자2', '010-2222-3333', 'admin2@naver.com', '$2a$10$Y1mXaXaj5Y2m.IJkH58IwOZF8SSctsvP37WTrp82ambaSeSEyxZwe', 'admin');
insert into user_tb (nick_name, phone_number, email, password, role)
values( '관리자박정훈', '010-4548-5678', 'test3@naver.com', '$2a$10$Y1mXaXaj5Y2m.IJkH58IwOZF8SSctsvP37WTrp82ambaSeSEyxZwe', 'admin');
-- ---------------------------------

INSERT INTO user_tb (nick_name, phone_number, email, password)
VALUES ('사용자1', '010-1000-0001', 'user1@example.com', '$2a$10$Y1mXaXaj5Y2m.IJkH58IwOZF8SSctsvP37WTrp82ambaSeSEyxZwe');
INSERT INTO user_tb (nick_name, phone_number, email, password)
VALUES ('사용자2', '010-1000-0002', 'user2@example.com', '$2a$10$Y1mXaXaj5Y2m.IJkH58IwOZF8SSctsvP37WTrp82ambaSeSEyxZwe');
INSERT INTO user_tb (nick_name, phone_number, email, password)
VALUES ('사용자3', '010-1000-0003', 'user3@example.com', '$2a$10$Y1mXaXaj5Y2m.IJkH58IwOZF8SSctsvP37WTrp82ambaSeSEyxZwe');
INSERT INTO user_tb (nick_name, phone_number, email, password)
VALUES ('사용자4', '010-1000-0004', 'user4@example.com', '$2a$10$Y1mXaXaj5Y2m.IJkH58IwOZF8SSctsvP37WTrp82ambaSeSEyxZwe');
INSERT INTO user_tb (nick_name, phone_number, email, password)
VALUES ('사용자5', '010-1000-0005', 'user5@example.com', '$2a$10$Y1mXaXaj5Y2m.IJkH58IwOZF8SSctsvP37WTrp82ambaSeSEyxZwe');
INSERT INTO user_tb (nick_name, phone_number, email, password)
VALUES ('사용자6', '010-1000-0006', 'user6@example.com', '$2a$10$Y1mXaXaj5Y2m.IJkH58IwOZF8SSctsvP37WTrp82ambaSeSEyxZwe');
INSERT INTO user_tb (nick_name, phone_number, email, password)
VALUES ('사용자7', '010-1000-0007', 'user7@example.com', '$2a$10$Y1mXaXaj5Y2m.IJkH58IwOZF8SSctsvP37WTrp82ambaSeSEyxZwe');
INSERT INTO user_tb (nick_name, phone_number, email, password)
VALUES ('사용자8', '010-1000-0008', 'user8@example.com', '$2a$10$Y1mXaXaj5Y2m.IJkH58IwOZF8SSctsvP37WTrp82ambaSeSEyxZwe');
INSERT INTO user_tb (nick_name, phone_number, email, password)
VALUES ('사용자9', '010-1000-0009', 'user9@example.com', '$2a$10$Y1mXaXaj5Y2m.IJkH58IwOZF8SSctsvP37WTrp82ambaSeSEyxZwe');
INSERT INTO user_tb (nick_name, phone_number, email, password)
VALUES ('사용자10', '010-1000-0010', 'user10@example.com', '$2a$10$Y1mXaXaj5Y2m.IJkH58IwOZF8SSctsvP37WTrp82ambaSeSEyxZwe');
INSERT INTO user_tb (nick_name, phone_number, email, password)
VALUES ('사용자11', '010-1000-0011', 'user11@example.com', '$2a$10$Y1mXaXaj5Y2m.IJkH58IwOZF8SSctsvP37WTrp82ambaSeSEyxZwe');
INSERT INTO user_tb (nick_name, phone_number, email, password)
VALUES ('사용자12', '010-1000-0012', 'user12@example.com', '$2a$10$Y1mXaXaj5Y2m.IJkH58IwOZF8SSctsvP37WTrp82ambaSeSEyxZwe');
INSERT INTO user_tb (nick_name, phone_number, email, password)
VALUES ('사용자13', '010-1000-0013', 'user13@example.com', '$2a$10$Y1mXaXaj5Y2m.IJkH58IwOZF8SSctsvP37WTrp82ambaSeSEyxZwe');
INSERT INTO user_tb (nick_name, phone_number, email, password)
VALUES ('사용자14', '010-1000-0014', 'user14@example.com', '$2a$10$Y1mXaXaj5Y2m.IJkH58IwOZF8SSctsvP37WTrp82ambaSeSEyxZwe');
INSERT INTO user_tb (nick_name, phone_number, email, password)
VALUES ('사용자15', '010-1000-0015', 'user15@example.com', '$2a$10$Y1mXaXaj5Y2m.IJkH58IwOZF8SSctsvP37WTrp82ambaSeSEyxZwe');
INSERT INTO user_tb (nick_name, phone_number, email, password)
VALUES ('사용자16', '010-1000-0016', 'user16@example.com', '$2a$10$Y1mXaXaj5Y2m.IJkH58IwOZF8SSctsvP37WTrp82ambaSeSEyxZwe');
INSERT INTO user_tb (nick_name, phone_number, email, password)
VALUES ('사용자17', '010-1000-0017', 'user17@example.com', '$2a$10$Y1mXaXaj5Y2m.IJkH58IwOZF8SSctsvP37WTrp82ambaSeSEyxZwe');
INSERT INTO user_tb (nick_name, phone_number, email, password)
VALUES ('사용자18', '010-1000-0018', 'user18@example.com', '$2a$10$Y1mXaXaj5Y2m.IJkH58IwOZF8SSctsvP37WTrp82ambaSeSEyxZwe');
INSERT INTO user_tb (nick_name, phone_number, email, password)
VALUES ('사용자19', '010-1000-0019', 'user19@example.com', '$2a$10$Y1mXaXaj5Y2m.IJkH58IwOZF8SSctsvP37WTrp82ambaSeSEyxZwe');
INSERT INTO user_tb (nick_name, phone_number, email, password)
VALUES ('사용자20', '010-1000-0020', 'user20@example.com', '$2a$10$Y1mXaXaj5Y2m.IJkH58IwOZF8SSctsvP37WTrp82ambaSeSEyxZwe');
INSERT INTO user_tb (nick_name, phone_number, email, password)
VALUES ('사용자21', '010-1000-0021', 'user21@example.com', '$2a$10$Y1mXaXaj5Y2m.IJkH58IwOZF8SSctsvP37WTrp82ambaSeSEyxZwe');
INSERT INTO user_tb (nick_name, phone_number, email, password)
VALUES ('사용자22', '010-1000-0022', 'user22@example.com', '$2a$10$Y1mXaXaj5Y2m.IJkH58IwOZF8SSctsvP37WTrp82ambaSeSEyxZwe');
INSERT INTO user_tb (nick_name, phone_number, email, password)
VALUES ('사용자23', '010-1000-0023', 'user23@example.com', '$2a$10$Y1mXaXaj5Y2m.IJkH58IwOZF8SSctsvP37WTrp82ambaSeSEyxZwe');
INSERT INTO user_tb (nick_name, phone_number, email, password)
VALUES ('사용자24', '010-1000-0024', 'user24@example.com', '$2a$10$Y1mXaXaj5Y2m.IJkH58IwOZF8SSctsvP37WTrp82ambaSeSEyxZwe');
INSERT INTO user_tb (nick_name, phone_number, email, password)
VALUES ('사용자25', '010-1000-0025', 'user25@example.com', '$2a$10$Y1mXaXaj5Y2m.IJkH58IwOZF8SSctsvP37WTrp82ambaSeSEyxZwe');
INSERT INTO user_tb (nick_name, phone_number, email, password)
VALUES ('사용자26', '010-1000-0026', 'user26@example.com', '$2a$10$Y1mXaXaj5Y2m.IJkH58IwOZF8SSctsvP37WTrp82ambaSeSEyxZwe');
INSERT INTO user_tb (nick_name, phone_number, email, password)
VALUES ('사용자27', '010-1000-0027', 'user27@example.com', '$2a$10$Y1mXaXaj5Y2m.IJkH58IwOZF8SSctsvP37WTrp82ambaSeSEyxZwe');
INSERT INTO user_tb (nick_name, phone_number, email, password)
VALUES ('사용자28', '010-1000-0028', 'user28@example.com', '$2a$10$Y1mXaXaj5Y2m.IJkH58IwOZF8SSctsvP37WTrp82ambaSeSEyxZwe');
INSERT INTO user_tb (nick_name, phone_number, email, password)
VALUES ('사용자29', '010-1000-0029', 'user29@example.com', '$2a$10$Y1mXaXaj5Y2m.IJkH58IwOZF8SSctsvP37WTrp82ambaSeSEyxZwe');
INSERT INTO user_tb (nick_name, phone_number, email, password)
VALUES ('사용자30', '010-1000-0030', 'user30@example.com', '$2a$10$Y1mXaXaj5Y2m.IJkH58IwOZF8SSctsvP37WTrp82ambaSeSEyxZwe');
-- 유저 디테일 
insert into user_de_tb (user_id,point ) values( 1, 1000);
INSERT INTO user_de_tb (user_id, point) VALUES (2, 250);
INSERT INTO user_de_tb (user_id, point) VALUES (3, 99999999);
INSERT INTO user_de_tb (user_id, point) VALUES (4, 99999999);
INSERT INTO user_de_tb (user_id, point) VALUES (5, 99999999);
INSERT INTO user_de_tb (user_id, point) VALUES (6, 99999999);
INSERT INTO user_de_tb (user_id, point) VALUES (7, 750);
INSERT INTO user_de_tb (user_id, point) VALUES (8, 850);
INSERT INTO user_de_tb (user_id, point) VALUES (9, 950);
INSERT INTO user_de_tb (user_id, point) VALUES (10, 1050);
INSERT INTO user_de_tb (user_id, point) VALUES (11, 1150);
INSERT INTO user_de_tb (user_id, point) VALUES (12, 1250);
INSERT INTO user_de_tb (user_id, point) VALUES (13, 1350);
INSERT INTO user_de_tb (user_id, point) VALUES (14, 1450);
INSERT INTO user_de_tb (user_id, point) VALUES (15, 1550);
INSERT INTO user_de_tb (user_id, point) VALUES (16, 1650);
INSERT INTO user_de_tb (user_id, point) VALUES (17, 1750);
INSERT INTO user_de_tb (user_id, point) VALUES (18, 1850);
INSERT INTO user_de_tb (user_id, point) VALUES (19, 1950);
INSERT INTO user_de_tb (user_id, point) VALUES (20, 2000);
INSERT INTO user_de_tb (user_id, point) VALUES (21, 1900);
INSERT INTO user_de_tb (user_id, point) VALUES (22, 1800);
INSERT INTO user_de_tb (user_id, point) VALUES (23, 1700);
INSERT INTO user_de_tb (user_id, point) VALUES (24, 1600);
INSERT INTO user_de_tb (user_id, point) VALUES (25, 1500);
INSERT INTO user_de_tb (user_id, point) VALUES (26, 1400);
INSERT INTO user_de_tb (user_id, point) VALUES (27, 1300);
INSERT INTO user_de_tb (user_id, point) VALUES (28, 1200);
INSERT INTO user_de_tb (user_id, point) VALUES (29, 1100);


-- 경고 테이블
INSERT INTO user_alert_list_tb ( alert_content) VALUES ( '준수 afk 왜캐못함');
INSERT INTO user_alert_list_tb ( alert_content) VALUES ( '준수야 일어나라');
INSERT INTO user_alert_list_tb ( alert_content) VALUES ( '준수 신발밑창 껌붙음');
INSERT INTO user_alert_list_tb ( alert_content) VALUES ( '준수 료키 텐카이');
INSERT INTO user_alert_list_tb ( alert_content) VALUES ( '준수 범부 그자체');




-- 경고 히스토리 테이블
INSERT INTO user_alert_history_tb ( alert_id,user_id,period_date) VALUES ( 1,20,'2024-09-15');
INSERT INTO user_alert_history_tb ( alert_id,user_id,period_date) VALUES ( 2,15,'2024-09-20');
INSERT INTO user_alert_history_tb ( alert_id,user_id,period_date) VALUES ( 3,17,'2024-09-25');
INSERT INTO user_alert_history_tb ( alert_id,user_id,period_date) VALUES ( 4,24,'2024-10-01');
INSERT INTO user_alert_history_tb ( alert_id,user_id,period_date) VALUES ( 5,28,'2024-10-05');

INSERT INTO `event_tb` (
    `event_title`, `event_content`, `start_day`, `end_day`, `user_id`
) VALUES (
    '회원가입 웰컴 반값 이벤트', '회원가입 후 첫 코인 구매 시 50% 할인 혜택을 제공합니다.', 
    '2024-09-01', 
    '2024-12-31', 
    4  -- user_tb에서 user_id 101번 사용자가 이벤트를 관리
);
INSERT INTO `event_tb` (
    `event_title`, `event_content`, `start_day`, `end_day`, `user_id`
) VALUES (
    '회원가입 웰컴 반값 이벤트', 
    '회원가입 후 첫 코인 구매 시 50% 할인 혜택을 제공합니다.', 
    '2024-09-01', 
    '2024-12-31',
    5 -- user_tb에서 user_id 101번 사용자가 이벤트를 관리
);
INSERT INTO `event_tb` (
    `event_title`, `event_content`, `start_day`, `end_day`, `user_id`
) VALUES (
    '회원가입 웰컴 반값 이벤트', 
    '회원가입 후 첫 코인 구매 시 50% 할인 혜택을 제공합니다.', 
    '2024-09-01', 
    '2024-12-31',
    6  -- user_tb에서 user_id 101번 사용자가 이벤트를 관리
);
INSERT INTO `event_tb` (
    `event_title`, `event_content`, `start_day`, `end_day`, `user_id`
) VALUES (
    '회원가입 웰컴 반값 이벤트', 
    '회원가입 후 첫 코인 구매 시 50% 할인 혜택을 제공합니다.', 
    '2024-09-01', 
    '2024-12-31',
    3  -- user_tb에서 user_id 101번 사용자가 이벤트를 관리
);




-- 카테고리 테이블에 데이터 삽입
insert into category_tb (category_id, category_name) values (1, '문학');
insert into category_tb (category_id, category_name) values (2, '시/에세이');
insert into category_tb (category_id, category_name) values (3, '소설');




insert into notice_tb (user_id, notice_title, notice_content, comment, created_at) values 
(3, '공지사항 제목 1', '공지사항 내용 1입니다.', '첫 번째 공지에 대한 코멘트입니다.', NOW()),
(4, '공지사항 제목 2', '공지사항 내용 2입니다.', '두 번째 공지에 대한 코멘트입니다.', NOW()),
(5, '공지사항 제목 3', '공지사항 내용 3입니다.', '세 번째 공지에 대한 코멘트입니다.', NOW()),
(6, '공지사항 제목 4', '공지사항 내용 4입니다.', '네 번째 공지에 대한 코멘트입니다.', NOW()),
(3, '공지사항 제목 1', '공지사항 내용 1입니다.', '첫 번째 공지에 대한 코멘트입니다.', NOW()),
(4, '공지사항 제목 2', '공지사항 내용 2입니다.', '두 번째 공지에 대한 코멘트입니다.', NOW()),
(5, '공지사항 제목 3', '공지사항 내용 3입니다.', '세 번째 공지에 대한 코멘트입니다.', NOW()),
(6, '공지사항 제목 4', '공지사항 내용 4입니다.', '네 번째 공지에 대한 코멘트입니다.', NOW()),
(3, '공지사항 제목 1', '공지사항 내용 1입니다.', '첫 번째 공지에 대한 코멘트입니다.', NOW()),
(4, '공지사항 제목 2', '공지사항 내용 2입니다.', '두 번째 공지에 대한 코멘트입니다.', NOW()),
(5, '공지사항 제목 3', '공지사항 내용 3입니다.', '세 번째 공지에 대한 코멘트입니다.', NOW()),
(6, '공지사항 제목 4', '공지사항 내용 4입니다.', '네 번째 공지에 대한 코멘트입니다.', NOW()),
(3, '공지사항 제목 1', '공지사항 내용 1입니다.', '첫 번째 공지에 대한 코멘트입니다.', NOW()),
(4, '공지사항 제목 2', '공지사항 내용 2입니다.', '두 번째 공지에 대한 코멘트입니다.', NOW()),
(5, '공지사항 제목 3', '공지사항 내용 3입니다.', '세 번째 공지에 대한 코멘트입니다.', NOW()),
(6, '공지사항 제목 4', '공지사항 내용 4입니다.', '네 번째 공지에 대한 코멘트입니다.', NOW()),
(3, '공지사항 제목 1', '공지사항 내용 1입니다.', '첫 번째 공지에 대한 코멘트입니다.', NOW()),
(4, '공지사항 제목 2', '공지사항 내용 2입니다.', '두 번째 공지에 대한 코멘트입니다.', NOW()),
(5, '공지사항 제목 3', '공지사항 내용 3입니다.', '세 번째 공지에 대한 코멘트입니다.', NOW()),
(6, '공지사항 제목 4', '공지사항 내용 4입니다.', '네 번째 공지에 대한 코멘트입니다.', NOW()),
(3, '공지사항 제목 5', '공지사항 내용 5입니다.', '다섯 번째 공지에 대한 코멘트입니다.', NOW());

insert into qna_tb (user_id, title, question_content, created_at) values 
(1, '질문1', '제이름은 명기입니다.', NOW()),
(2, '질문2', '제이름은 명기입니다..', NOW()),
(1, '질문3', '제이름은 명기입니다.', NOW()),
(2, '질문4', '제이름은 명기입니다..', NOW()),
(1, '질문3', '제이름은 명기입니다.', NOW()),
(2, '질문4', '제이름은 명기입니다..', NOW()),
(1, '질문3', '제이름은 명기입니다.', NOW()),
(2, '질문4', '제이름은 명기입니다..', NOW()),
(1, '질문3', '제이름은 명기입니다.', NOW()),
(2, '질문4', '제이름은 명기입니다..', NOW()),
(1, '질문3', '제이름은 명기입니다.', NOW()),
(2, '질문4', '제이름은 명기입니다..', NOW()),
(1, '질문3', '제이름은 명기입니다.', NOW()),
(2, '질문4', '제이름은 명기입니다..', NOW()),
(1, '질문3', '제이름은 명기입니다.', NOW()),
(2, '질문4', '제이름은 명기입니다..', NOW()),
(1, '질문3', '제이름은 명기입니다.', NOW()),
(2, '질문4', '제이름은 명기입니다..', NOW()),
(1, '질문3', '제이름은 명기입니다.', NOW()),
(2, '질문4', '제이름은 명기입니다..', NOW()),
(1, '질문3', '제이름은 명기입니다.', NOW()),
(2, '질문4', '제이름은 명기입니다..', NOW()),
(1, '질문3', '제이름은 명기입니다.', NOW()),
(1, '질문3', '제이름은 명기입니다.', NOW()),
(2, '질문4', '제이름은 명기입니다..', NOW()),
(2, '질문4', '제이름은 명기입니다..', NOW()),
(1, '질문5', '제이름은 명기입니다..', NOW());





		
-- 장르 테이블에 데이터 삽입
insert into genre_tb (genre_id, genre_name) values (1, '추리');
insert into genre_tb (genre_id, genre_name) values (2, '스릴러');
insert into genre_tb (genre_id, genre_name) values (3, '공포');
insert into genre_tb (genre_id, genre_name) values (4, '과학');
insert into genre_tb (genre_id, genre_name) values (5, '판타지');
insert into genre_tb (genre_id, genre_name) values (6, '무협');
INSERT INTO genre_tb (genre_id, genre_name) VALUES (7, '로맨스');
INSERT INTO genre_tb (genre_id, genre_name) VALUES (8, '드라마');
INSERT INTO genre_tb (genre_id, genre_name) VALUES (9, '코미디');
INSERT INTO genre_tb (genre_id, genre_name) VALUES (10, '역사');
INSERT INTO genre_tb (genre_id, genre_name) VALUES (11, '모험');

-- 태그 테이블에 데이터 삽입
insert into tag_tb (tag_id, tag_name) values (1, '판타지');
insert into tag_tb (tag_id, tag_name) values (2, '공포');
insert into tag_tb (tag_id, tag_name) values (3, '추리');

-- 북테이블 생성
insert into book_tb (user_id, title, author_comment, author, category_id, genre_id, introduction, age,views,likes,serial_day,
					book_cover_image) 
values (1, '테스트하기1', '줄거리테스트1', '작가테스트1', '1', '1', '소개글1','19',220,15,'월요일','cover/1.jpg');

insert into book_tb (user_id,title,author_comment,author,category_id , genre_id,
            introduction,age,book_cover_image) 
			values(2,'테스트하기2','줄거리테스트2','작가테스트2', '1', '1','소개글2', '15','');
            
INSERT INTO book_tb (user_id, title, author_comment, author, category_id, genre_id, introduction, age,views,likes,serial_day,book_cover_image) 
VALUES (12, '신비의 연금술사와 황금의 약속', '연금술과 판타지 모험의 세계를 그린 소설', '작가 B', 3, 5, '잃어버린 여동생을 찾기 위해 다른 세계로 모험을 떠나는 청년의 이야기', '19',450,25,'화요일','');


insert into book_tag_tb (book_id, tag_id) values (1,1);
insert into book_tag_tb (book_id, tag_id) values (1,2);
insert into book_tag_tb (book_id, tag_id) values (1,3);


-- 리워드 테이블 삽입
INSERT INTO reward_tb (project_id, reward_content, reward_point)
VALUES 
(1, '프로젝트 1 리워드 내용', 10000),
(2, '프로젝트 2 리워드 내용', 15000),
(3, '프로젝트 3 리워드 내용', 20000),
(4, '프로젝트 4 리워드 내용', 25000),
(5, '프로젝트 5 리워드 내용', 30000);
 

-- 프로젝트 테이블 삽입
INSERT INTO project_tb (user_id, book_id, title, contents, reward_id, goal, date_end, staff_agree)
VALUES (1, 1, '임시프로젝트타이틀1', '내용입니다', 1, 20000, '2024-09-09', 'Y'),
       (2, 2, '임시프로젝트타이틀2', '내용입니다', 2, 25000, '2024-09-20', 'Y'),
       (3, 3, '임시프로젝트타이틀3', '내용입니다', 3, 40000, '2024-10-10', 'Y'),
       (4, 4, '임시프로젝트타이틀4', '내용입니다', 4, 30000, '2024-09-05', 'Y'),
       (5, 5, '임시프로젝트타이틀5', '내용입니다', 5, 10000, '2024-11-09', 'Y');


-- funding_tb에 데이터 삽입
INSERT INTO funding_tb (user_id, reward_id, canceled_At, confirm_success)
VALUES 
(1, 1, '2024-09-09', 'Y'),
(2, 2, '2024-09-10', 'Y'),
(3, 3, '2024-09-11', 'Y'),
(4, 4, '2024-09-12', 'Y'),
(5, 5, '2024-09-13', 'Y');
-- 펀딩 히스토리 테이블 삽입
INSERT INTO funding_history_tb (project_id)
VALUES (1), (2), (3), (4), (5);


