insert into user_tb (nick_name, phone_number, email, password)
values( '박정훈1', '010-4548-5678', 'test@test.com', '$2a$10$Y1mXaXaj5Y2m.IJkH58IwOZF8SSctsvP37WTrp82ambaSeSEyxZwe');

insert into user_tb (nick_name, phone_number, email, password)
values( '정해주', '010-4548-5678', 'test1@naver.com', '$2a$10$Y1mXaXaj5Y2m.IJkH58IwOZF8SSctsvP37WTrp82ambaSeSEyxZwe');

-- 관리자 ID------------------------- 3~6
insert into user_tb (nick_name, phone_number, email, password, role)
values( '관리자해주', '010-1234-5678', 't1@naver.com', '$2a$10$Y1mXaXaj5Y2m.IJkH58IwOZF8SSctsvP37WTrp82ambaSeSEyxZwe', 'admin');
insert into user_tb (nick_name, phone_number, email, password, role)
values( '관리자1', '010-1111-2222', 'admin@naver.com', '$2a$10$Y1mXaXaj5Y2m.IJkH58IwOZF8SSctsvP37WTrp82ambaSeSEyxZwe', 'admin');
insert into user_tb (nick_name, phone_number, email, password, role)
values( '관리자2', '010-2222-3333', 'admin2@naver.com', '$2a$10$Y1mXaXaj5Y2m.IJkH58IwOZF8SSctsvP37WTrp82ambaSeSEyxZwe', 'admin');
insert into user_tb (nick_name, phone_number, email, password, role)
values( '관리자박정훈', '010-4548-5678', 'test3@naver.com', '$2a$10$Y1mXaXaj5Y2m.IJkH58IwOZF8SSctsvP37WTrp82ambaSeSEyxZwe', 'admin');
-- ---------------------------------

INSERT INTO user_tb (nick_name, phone_number, email, password)
VALUES ('사용자1', '010-1000-0001', 'user1@example.com', '$2a$10$Y1mXaXaj5Y2m.IJkH58IwOZF8SSctsvP37WTrp82ambaSeSEyxZwe');
INSERT INTO user_tb (nick_name, phone_number, email, password)
VALUES ('사용자2', '010-1000-0002', 'user2@example.com', '$2a$10$Y1mXaXaj5Y2m.IJkH58IwOZF8SSctsvP37WTrp82ambaSeSEyxZwe');
INSERT INTO user_tb (nick_name, phone_number, email, password)
VALUES ('사용자3', '010-1000-0003', 'user3@example.com', '$2a$10$Y1mXaXaj5Y2m.IJkH58IwOZF8SSctsvP37WTrp82ambaSeSEyxZwe');
INSERT INTO user_tb (nick_name, phone_number, email, password)
VALUES ('사용자4', '010-1000-0004', 'user4@example.com', '$2a$10$Y1mXaXaj5Y2m.IJkH58IwOZF8SSctsvP37WTrp82ambaSeSEyxZwe');
INSERT INTO user_tb (nick_name, phone_number, email, password)
VALUES ('사용자5', '010-1000-0005', 'user5@example.com', '$2a$10$Y1mXaXaj5Y2m.IJkH58IwOZF8SSctsvP37WTrp82ambaSeSEyxZwe');
INSERT INTO user_tb (nick_name, phone_number, email, password)
VALUES ('사용자6', '010-1000-0006', 'user6@example.com', '$2a$10$Y1mXaXaj5Y2m.IJkH58IwOZF8SSctsvP37WTrp82ambaSeSEyxZwe');
INSERT INTO user_tb (nick_name, phone_number, email, password)
VALUES ('사용자7', '010-1000-0007', 'user7@example.com', '$2a$10$Y1mXaXaj5Y2m.IJkH58IwOZF8SSctsvP37WTrp82ambaSeSEyxZwe');
INSERT INTO user_tb (nick_name, phone_number, email, password)
VALUES ('사용자8', '010-1000-0008', 'user8@example.com', '$2a$10$Y1mXaXaj5Y2m.IJkH58IwOZF8SSctsvP37WTrp82ambaSeSEyxZwe');
INSERT INTO user_tb (nick_name, phone_number, email, password)
VALUES ('사용자9', '010-1000-0009', 'user9@example.com', '$2a$10$Y1mXaXaj5Y2m.IJkH58IwOZF8SSctsvP37WTrp82ambaSeSEyxZwe');
INSERT INTO user_tb (nick_name, phone_number, email, password)
VALUES ('사용자10', '010-1000-0010', 'user10@example.com', '$2a$10$Y1mXaXaj5Y2m.IJkH58IwOZF8SSctsvP37WTrp82ambaSeSEyxZwe');
INSERT INTO user_tb (nick_name, phone_number, email, password)
VALUES ('사용자11', '010-1000-0011', 'user11@example.com', '$2a$10$Y1mXaXaj5Y2m.IJkH58IwOZF8SSctsvP37WTrp82ambaSeSEyxZwe');
INSERT INTO user_tb (nick_name, phone_number, email, password)
VALUES ('사용자12', '010-1000-0012', 'user12@example.com', '$2a$10$Y1mXaXaj5Y2m.IJkH58IwOZF8SSctsvP37WTrp82ambaSeSEyxZwe');
INSERT INTO user_tb (nick_name, phone_number, email, password)
VALUES ('사용자13', '010-1000-0013', 'user13@example.com', '$2a$10$Y1mXaXaj5Y2m.IJkH58IwOZF8SSctsvP37WTrp82ambaSeSEyxZwe');
INSERT INTO user_tb (nick_name, phone_number, email, password)
VALUES ('사용자14', '010-1000-0014', 'user14@example.com', '$2a$10$Y1mXaXaj5Y2m.IJkH58IwOZF8SSctsvP37WTrp82ambaSeSEyxZwe');
INSERT INTO user_tb (nick_name, phone_number, email, password)
VALUES ('사용자15', '010-1000-0015', 'user15@example.com', '$2a$10$Y1mXaXaj5Y2m.IJkH58IwOZF8SSctsvP37WTrp82ambaSeSEyxZwe');
INSERT INTO user_tb (nick_name, phone_number, email, password)
VALUES ('사용자16', '010-1000-0016', 'user16@example.com', '$2a$10$Y1mXaXaj5Y2m.IJkH58IwOZF8SSctsvP37WTrp82ambaSeSEyxZwe');
INSERT INTO user_tb (nick_name, phone_number, email, password)
VALUES ('사용자17', '010-1000-0017', 'user17@example.com', '$2a$10$Y1mXaXaj5Y2m.IJkH58IwOZF8SSctsvP37WTrp82ambaSeSEyxZwe');
INSERT INTO user_tb (nick_name, phone_number, email, password)
VALUES ('사용자18', '010-1000-0018', 'user18@example.com', '$2a$10$Y1mXaXaj5Y2m.IJkH58IwOZF8SSctsvP37WTrp82ambaSeSEyxZwe');
INSERT INTO user_tb (nick_name, phone_number, email, password)
VALUES ('사용자19', '010-1000-0019', 'user19@example.com', '$2a$10$Y1mXaXaj5Y2m.IJkH58IwOZF8SSctsvP37WTrp82ambaSeSEyxZwe');
INSERT INTO user_tb (nick_name, phone_number, email, password)
VALUES ('사용자20', '010-1000-0020', 'user20@example.com', '$2a$10$Y1mXaXaj5Y2m.IJkH58IwOZF8SSctsvP37WTrp82ambaSeSEyxZwe');
INSERT INTO user_tb (nick_name, phone_number, email, password)
VALUES ('사용자21', '010-1000-0021', 'user21@example.com', '$2a$10$Y1mXaXaj5Y2m.IJkH58IwOZF8SSctsvP37WTrp82ambaSeSEyxZwe');
INSERT INTO user_tb (nick_name, phone_number, email, password)
VALUES ('사용자22', '010-1000-0022', 'user22@example.com', '$2a$10$Y1mXaXaj5Y2m.IJkH58IwOZF8SSctsvP37WTrp82ambaSeSEyxZwe');
INSERT INTO user_tb (nick_name, phone_number, email, password)
VALUES ('사용자23', '010-1000-0023', 'user23@example.com', '$2a$10$Y1mXaXaj5Y2m.IJkH58IwOZF8SSctsvP37WTrp82ambaSeSEyxZwe');
INSERT INTO user_tb (nick_name, phone_number, email, password)
VALUES ('사용자24', '010-1000-0024', 'user24@example.com', '$2a$10$Y1mXaXaj5Y2m.IJkH58IwOZF8SSctsvP37WTrp82ambaSeSEyxZwe');
INSERT INTO user_tb (nick_name, phone_number, email, password)
VALUES ('사용자25', '010-1000-0025', 'user25@example.com', '$2a$10$Y1mXaXaj5Y2m.IJkH58IwOZF8SSctsvP37WTrp82ambaSeSEyxZwe');
INSERT INTO user_tb (nick_name, phone_number, email, password)
VALUES ('사용자26', '010-1000-0026', 'user26@example.com', '$2a$10$Y1mXaXaj5Y2m.IJkH58IwOZF8SSctsvP37WTrp82ambaSeSEyxZwe');
INSERT INTO user_tb (nick_name, phone_number, email, password)
VALUES ('사용자27', '010-1000-0027', 'user27@example.com', '$2a$10$Y1mXaXaj5Y2m.IJkH58IwOZF8SSctsvP37WTrp82ambaSeSEyxZwe');
INSERT INTO user_tb (nick_name, phone_number, email, password)
VALUES ('사용자28', '010-1000-0028', 'user28@example.com', '$2a$10$Y1mXaXaj5Y2m.IJkH58IwOZF8SSctsvP37WTrp82ambaSeSEyxZwe');
INSERT INTO user_tb (nick_name, phone_number, email, password)
VALUES ('사용자29', '010-1000-0029', 'user29@example.com', '$2a$10$Y1mXaXaj5Y2m.IJkH58IwOZF8SSctsvP37WTrp82ambaSeSEyxZwe');
INSERT INTO user_tb (nick_name, phone_number, email, password)
VALUES ('사용자30', '010-1000-0030', 'user30@example.com', '$2a$10$Y1mXaXaj5Y2m.IJkH58IwOZF8SSctsvP37WTrp82ambaSeSEyxZwe');
-- 유저 디테일 
insert into user_de_tb (user_id,point ) values( 1, 100000);
INSERT INTO user_de_tb (user_id, point) VALUES (2, 250);
INSERT INTO user_de_tb (user_id, point) VALUES (3, 99999999);
INSERT INTO user_de_tb (user_id, point) VALUES (4, 99999999);
INSERT INTO user_de_tb (user_id, point) VALUES (5, 99999999);
INSERT INTO user_de_tb (user_id, point) VALUES (6, 99999999);
INSERT INTO user_de_tb (user_id, point) VALUES (7, 750);
INSERT INTO user_de_tb (user_id, point) VALUES (8, 850);
INSERT INTO user_de_tb (user_id, point) VALUES (9, 950);
INSERT INTO user_de_tb (user_id, point) VALUES (10, 1050);
INSERT INTO user_de_tb (user_id, point) VALUES (11, 1150);
INSERT INTO user_de_tb (user_id, point) VALUES (12, 1250);
INSERT INTO user_de_tb (user_id, point) VALUES (13, 1350);
INSERT INTO user_de_tb (user_id, point) VALUES (14, 1450);
INSERT INTO user_de_tb (user_id, point) VALUES (15, 1550);
INSERT INTO user_de_tb (user_id, point) VALUES (16, 1650);
INSERT INTO user_de_tb (user_id, point) VALUES (17, 1750);
INSERT INTO user_de_tb (user_id, point) VALUES (18, 1850);
INSERT INTO user_de_tb (user_id, point) VALUES (19, 1950);
INSERT INTO user_de_tb (user_id, point) VALUES (20, 2000);
INSERT INTO user_de_tb (user_id, point) VALUES (21, 1900);
INSERT INTO user_de_tb (user_id, point) VALUES (22, 1800);
INSERT INTO user_de_tb (user_id, point) VALUES (23, 1700);
INSERT INTO user_de_tb (user_id, point) VALUES (24, 1600);
INSERT INTO user_de_tb (user_id, point) VALUES (25, 1500);
INSERT INTO user_de_tb (user_id, point) VALUES (26, 1400);
INSERT INTO user_de_tb (user_id, point) VALUES (27, 1300);
INSERT INTO user_de_tb (user_id, point) VALUES (28, 1200);
INSERT INTO user_de_tb (user_id, point) VALUES (29, 1100);


-- 경고 테이블
INSERT INTO user_alert_list_tb ( alert_content) VALUES ( '준수 afk 왜캐못함');
INSERT INTO user_alert_list_tb ( alert_content) VALUES ( '준수야 일어나라');
INSERT INTO user_alert_list_tb ( alert_content) VALUES ( '준수 신발밑창 껌붙음');
INSERT INTO user_alert_list_tb ( alert_content) VALUES ( '준수 료키 텐카이');
INSERT INTO user_alert_list_tb ( alert_content) VALUES ( '준수 범부 그자체');




-- 경고 히스토리 테이블
INSERT INTO user_alert_history_tb ( alert_id,user_id,period_date) VALUES ( 1,20,'2024-09-15');
INSERT INTO user_alert_history_tb ( alert_id,user_id,period_date) VALUES ( 2,15,'2024-09-20');
INSERT INTO user_alert_history_tb ( alert_id,user_id,period_date) VALUES ( 3,17,'2024-09-25');
INSERT INTO user_alert_history_tb ( alert_id,user_id,period_date) VALUES ( 4,24,'2024-10-01');
INSERT INTO user_alert_history_tb ( alert_id,user_id,period_date) VALUES ( 5,28,'2024-10-05');

INSERT INTO `event_tb` (
    `event_title`, `event_content`, `start_day`, `end_day`, `user_id`,`event_image`
) VALUES (
    '회원가입 웰컴 반값 이벤트!', '회원가입 후 첫 코인 구매 시 50% 할인 혜택을 제공합니다.', 
    '2024-09-01', 
    '2024-12-31', 
    4 , -- user_tb에서 user_id 101번 사용자가 이벤트를 관리
    'event/event-detail1.jpg'
    
);
INSERT INTO `event_tb` (
    `event_title`, `event_content`, `start_day`, `end_day`, `user_id`,`event_image`
) VALUES (
    '잼코인 랜덤 뽑기!', 
    '회원가입 후 첫 코인 구매 시 50% 할인 혜택을 제공합니다.', 
    '2024-09-01', 
    '2024-12-31',
    5, -- user_tb에서 user_id 101번 사용자가 이벤트를 관리
     'event/event-detail2.jpg'
);
INSERT INTO `event_tb` (
    `event_title`, `event_content`, `start_day`, `end_day`, `user_id`,`event_image`
) VALUES (
    '2024 ! 천하제일 쩀 대회!', 
    '회원가입 후 첫 코인 구매 시 50% 할인 혜택을 제공합니다.', 
    '2024-08-01', 
    '2024-09-15',
    6,  -- user_tb에서 user_id 101번 사용자가 이벤트를 관리
     'event/event-detail3.jpg'
);
INSERT INTO `event_tb` (
    `event_title`, `event_content`, `start_day`, `end_day`, `user_id`,`event_image`
) VALUES (
    '회원가입 웰컴 반값 이벤트4', 
    '회원가입 후 첫 코인 구매 시 50% 할인 혜택을 제공합니다.', 
    '2024-09-01', 
    '2024-9-10',
    3,  -- user_tb에서 user_id 101번 사용자가 이벤트를 관리
     'event/event-detail3.jpg'
);


-- 메인배너 테이블

INSERT INTO `main_banner_tb` (
`title` ,`content`,`sub_content`,`image_path`,`event_id`) 
VALUES (
    '100% 당첨 잼코인 랜덤뽑기!', 
    '최대 500 잼코인! , 거기다가 할인쿠폰도 30%까지!', 
    '기간한정 이벤트', 'mainbanner/이벤트상단배너2.jpg',1  );

INSERT INTO `main_banner_tb` (
`title` ,`content`,`sub_content`,`image_path`,`event_id`) 
VALUES (
    '회원가입 웰컴 반값 이벤트2', 
    '회원가입 후 첫 코인 구매 시 50% 할인 혜택을 제공합니다.', 
    '기간한정 이벤트',  'mainbanner/bannerimg2.jpg', 2 );
INSERT INTO `main_banner_tb` (
`title` ,`content`,`sub_content`,`image_path`,`event_id`) 
VALUES (
    '회원가입 웰컴 반값 이벤트3', 
    '회원가입 후 첫 코인 구매 시 50% 할인 혜택을 제공합니다.', 
    '기간한정 이벤트',  'mainbanner/bannerimg3.jpg', 3);



-- 카테고리 테이블에 데이터 삽입
insert into category_tb (category_id, category_name) values (1, '문학');
insert into category_tb (category_id, category_name) values (2, '시/에세이');
insert into category_tb (category_id, category_name) values (3, '소설');




insert into notice_tb (user_id, notice_title, notice_content, comment, created_at) values 
(3, '공지사항 제목 1', '공지사항 내용 1입니다.', '첫 번째 공지에 대한 코멘트입니다.', NOW()),
(4, '공지사항 제목 2', '공지사항 내용 2입니다.', '두 번째 공지에 대한 코멘트입니다.', NOW()),
(5, '공지사항 제목 3', '공지사항 내용 3입니다.', '세 번째 공지에 대한 코멘트입니다.', NOW()),
(6, '공지사항 제목 4', '공지사항 내용 4입니다.', '네 번째 공지에 대한 코멘트입니다.', NOW()),
(3, '공지사항 제목 1', '공지사항 내용 1입니다.', '첫 번째 공지에 대한 코멘트입니다.', NOW()),
(4, '공지사항 제목 2', '공지사항 내용 2입니다.', '두 번째 공지에 대한 코멘트입니다.', NOW()),
(5, '공지사항 제목 3', '공지사항 내용 3입니다.', '세 번째 공지에 대한 코멘트입니다.', NOW()),
(6, '공지사항 제목 4', '공지사항 내용 4입니다.', '네 번째 공지에 대한 코멘트입니다.', NOW()),
(3, '공지사항 제목 1', '공지사항 내용 1입니다.', '첫 번째 공지에 대한 코멘트입니다.', NOW()),
(4, '공지사항 제목 2', '공지사항 내용 2입니다.', '두 번째 공지에 대한 코멘트입니다.', NOW()),
(5, '공지사항 제목 3', '공지사항 내용 3입니다.', '세 번째 공지에 대한 코멘트입니다.', NOW()),
(6, '공지사항 제목 4', '공지사항 내용 4입니다.', '네 번째 공지에 대한 코멘트입니다.', NOW()),
(3, '공지사항 제목 1', '공지사항 내용 1입니다.', '첫 번째 공지에 대한 코멘트입니다.', NOW()),
(4, '공지사항 제목 2', '공지사항 내용 2입니다.', '두 번째 공지에 대한 코멘트입니다.', NOW()),
(5, '공지사항 제목 3', '공지사항 내용 3입니다.', '세 번째 공지에 대한 코멘트입니다.', NOW()),
(6, '공지사항 제목 4', '공지사항 내용 4입니다.', '네 번째 공지에 대한 코멘트입니다.', NOW()),
(3, '공지사항 제목 1', '공지사항 내용 1입니다.', '첫 번째 공지에 대한 코멘트입니다.', NOW()),
(4, '공지사항 제목 2', '공지사항 내용 2입니다.', '두 번째 공지에 대한 코멘트입니다.', NOW()),
(5, '공지사항 제목 3', '공지사항 내용 3입니다.', '세 번째 공지에 대한 코멘트입니다.', NOW()),
(6, '공지사항 제목 4', '공지사항 내용 4입니다.', '네 번째 공지에 대한 코멘트입니다.', NOW()),
(3, '공지사항 제목 5', '공지사항 내용 5입니다.', '다섯 번째 공지에 대한 코멘트입니다.', NOW());

insert into qna_tb (user_id, title, question_content, created_at) values 
(1, '질문1', '제이름은 명기입니다.', NOW()),
(2, '질문2', '제이름은 명기입니다..', NOW()),
(1, '질문3', '제이름은 명기입니다.', NOW()),
(2, '질문4', '제이름은 명기입니다..', NOW()),
(1, '질문3', '제이름은 명기입니다.', NOW()),
(2, '질문4', '제이름은 명기입니다..', NOW()),
(1, '질문3', '제이름은 명기입니다.', NOW()),
(2, '질문4', '제이름은 명기입니다..', NOW()),
(1, '질문3', '제이름은 명기입니다.', NOW()),
(2, '질문4', '제이름은 명기입니다..', NOW()),
(1, '질문3', '제이름은 명기입니다.', NOW()),
(2, '질문4', '제이름은 명기입니다..', NOW()),
(1, '질문3', '제이름은 명기입니다.', NOW()),
(2, '질문4', '제이름은 명기입니다..', NOW()),
(1, '질문3', '제이름은 명기입니다.', NOW()),
(2, '질문4', '제이름은 명기입니다..', NOW()),
(1, '질문3', '제이름은 명기입니다.', NOW()),
(2, '질문4', '제이름은 명기입니다..', NOW()),
(1, '질문3', '제이름은 명기입니다.', NOW()),
(2, '질문4', '제이름은 명기입니다..', NOW()),
(1, '질문3', '제이름은 명기입니다.', NOW()),
(2, '질문4', '제이름은 명기입니다..', NOW()),
(1, '질문3', '제이름은 명기입니다.', NOW()),
(1, '질문3', '제이름은 명기입니다.', NOW()),
(2, '질문4', '제이름은 명기입니다..', NOW()),
(2, '질문4', '제이름은 명기입니다..', NOW()),
(1, '질문5', '제이름은 명기입니다..', NOW());





		
-- 장르 테이블에 데이터 삽입
insert into genre_tb (genre_id, genre_name) values (1, '추리');
insert into genre_tb (genre_id, genre_name) values (2, '스릴러');
insert into genre_tb (genre_id, genre_name) values (3, '공포');
insert into genre_tb (genre_id, genre_name) values (4, '과학');
insert into genre_tb (genre_id, genre_name) values (5, '판타지');
insert into genre_tb (genre_id, genre_name) values (6, '무협');
INSERT INTO genre_tb (genre_id, genre_name) VALUES (7, '로맨스');
INSERT INTO genre_tb (genre_id, genre_name) VALUES (8, '드라마');
INSERT INTO genre_tb (genre_id, genre_name) VALUES (9, '코미디');
INSERT INTO genre_tb (genre_id, genre_name) VALUES (10, '역사');
INSERT INTO genre_tb (genre_id, genre_name) VALUES (11, '모험');

-- 태그 테이블에 데이터 삽입
insert into tag_tb (tag_id, tag_name) values (1, '판타지');
insert into tag_tb (tag_id, tag_name) values (2, '공포');
insert into tag_tb (tag_id, tag_name) values (3, '추리');


-- 1 북테이블 생성 
insert into book_tb (user_id, title, author_comment, author, category_id, genre_id, introduction, age,likes,serial_day,book_cover_image) 
values (1, '미라클 마트: 밤의 마법사"', '평범한 대학생 김도현이 우연히 마법과 현실이 공존하는 편의점에서 야간 아르바이트를 시작하면서 벌어지는 이야기를 그린 판타지 소설입니다. 도현은 편의점 매니저 루나와 함께 마법 세계의 손님들을 위해 물건을 찾고, 새로운 마법을 배우며 성장해 나갑니다. 각 에피소드마다 도현이 새로운 마법을 배우고, 이를 통해 다양한 모험과 도전을 헤쳐나가는 과정이 펼쳐집니다.', 
			'마법사후보생', '3', '5', '소개글1','19',15,'수요일','cover/1.jpg');

-- 1 스토리 테이블 생성 
INSERT INTO story_tb (book_id, user_id, number, type, title, upload_day, contents, cost , views ) 
VALUES (1, 1, 0, '프롤로그', '프롤로그: 뜻밖의 알바 면접', '2023-05-03', 'src/main/resources/static/contentText/뜻밖의 알바 면접.txt',0,1231);

INSERT INTO story_tb (book_id, user_id, number, type, title, upload_day, contents , cost , views) 
VALUES (1, 1, 1, '유료', '밤의 손님', '2023-05-10', 'src/main/resources/static/contentText/밤의 손님.txt',200,1151);

INSERT INTO story_tb (book_id, user_id, number, type, title, upload_day, contents , cost , views) 
VALUES (1, 1, 2, '유료', '숨겨진 마법 도서관', '2023-05-17', 'src/main/resources/static/contentText/숨겨진 마법 도서관.txt',200,1200);

INSERT INTO story_tb (book_id, user_id, number, type, title, upload_day, contents , cost , views) 
VALUES (1, 1, 3, '유료', '불의 시험', '2023-05-24', 'src/main/resources/static/contentText/불의 시험.txt',200,1189);

INSERT INTO story_tb (book_id, user_id, number, type, title, upload_day, contents, cost , views ) 
VALUES (1, 1, 4, '유료', '시간의 미궁', '2023-05-31', 'src/main/resources/static/contentText/시간의 미궁.txt',200,1354);

INSERT INTO story_tb (book_id, user_id, number, type, title, upload_day, contents, cost , views ) 
VALUES (1, 1, 5, '유료', '별빛의 지팡이', '2023-06-07', 'src/main/resources/static/contentText/별빛의 지팡이.txt',200,1278);

INSERT INTO story_tb (book_id, user_id, number, type, title, upload_day, contents, cost , views ) 
VALUES (1, 1, 6, '유료', '그림자의 숲', '2023-06-14', 'src/main/resources/static/contentText/그림자의 숲.txt',200,1025);

INSERT INTO story_tb (book_id, user_id, number, type, title, upload_day, contents, cost , views ) 
VALUES (1, 1, 7, '유료', '불의 정령과의 계약', '2023-06-21', 'src/main/resources/static/contentText/불의 정령과의 계약.txt',200,1037);

INSERT INTO story_tb (book_id, user_id, number, type, title, upload_day, contents, cost , views ) 
VALUES (1, 1, 8, '유료', '시간 도둑을 잡아라', '2023-06-28', 'src/main/resources/static/contentText/시간 도둑을 잡아라.txt',200,978);

INSERT INTO story_tb (book_id, user_id, number, type, title, upload_day, contents, cost , views ) 
VALUES (1, 1, 9, '유료', '바다의 심장', '2023-07-05', 'src/main/resources/static/contentText/바다의 심장.txt',200,900);

INSERT INTO story_tb (book_id, user_id, number, type, title, upload_day, contents, cost , views ) 
VALUES (1, 1, 10, '유료', '하늘을 나는 빗자루', '2023-07-12', 'src/main/resources/static/contentText/하늘을 나는 빗자루.txt',200,1121);

INSERT INTO story_tb (book_id, user_id, number, type, title, upload_day, contents, cost , views ) 
VALUES (1, 1, 11, '유료', '얼음의 성', '2023-07-19', 'src/main/resources/static/contentText/얼음의 성.txt',200,1234);

INSERT INTO story_tb (book_id, user_id, number, type, title, upload_day, contents, cost , views ) 
VALUES (1, 1, 12, '유료', '불꽃의 의식', '2023-07-26', 'src/main/resources/static/contentText/불꽃의 의식.txt',200,1287);

INSERT INTO story_tb (book_id, user_id, number, type, title, upload_day, contents, cost , views ) 
VALUES (1, 1, 13, '유료', '어둠의 동굴', '2023-08-02', 'src/main/resources/static/contentText/어둠의 동굴.txt',200,1315);

INSERT INTO story_tb (book_id, user_id, number, type, title, upload_day, contents, cost , views ) 
VALUES (1, 1, 14, '유료', '시간의 마법사', '2023-08-09', 'src/main/resources/static/contentText/시간의 마법사.txt',200,1379);

INSERT INTO story_tb (book_id, user_id, number, type, title, upload_day, contents, cost , views ) 
VALUES (1, 1, 15, '유료', '대지의 영혼', '2023-08-16', 'src/main/resources/static/contentText/대지의 영혼.txt',200,1442);

INSERT INTO story_tb (book_id, user_id, number, type, title, upload_day, contents, cost , views ) 
VALUES (1, 1, 16, '유료', '바람의 제단', '2023-08-23', 'src/main/resources/static/contentText/바람의 제단.txt',200,1498);

INSERT INTO story_tb (book_id, user_id, number, type, title, upload_day, contents, cost , views ) 
VALUES (1, 1, 17, '유료', '신비의 호수', '2023-08-30', 'src/main/resources/static/contentText/신비의 호수.txt',200,1457);

INSERT INTO story_tb (book_id, user_id, number, type, title, upload_day, contents, cost , views ) 
VALUES (1, 1, 18, '유료', '불사의 산', '2023-09-06', 'src/main/resources/static/contentText/불사의 산.txt',200,1521);

INSERT INTO story_tb (book_id, user_id, number, type, title, upload_day, contents, cost , views ) 
VALUES (1, 1, 19, '유료', '마법의 탑', '2023-09-13', 'src/main/resources/static/contentText/마법의 탑.txt',200,1502);

INSERT INTO story_tb (book_id, user_id, number, type, title, upload_day, contents, cost , views ) 
VALUES (1, 1, 20, '유료', '미라클 마트의 비밀', '2023-09-20', 'src/main/resources/static/contentText/미라클 마트의 비밀.txt',200,1458);

-- ------2
insert into book_tb (user_id,title,author_comment,author,category_id , genre_id,
            introduction,age,likes) 
			values(2,'테스트하기2','줄거리테스트2','작가테스트2', '1', '1','소개글2', '15',0);

INSERT INTO story_tb (book_id, user_id, number, type, title, upload_day, contents, cost , views)
VALUES (2, 2,0 , '프롤로그', '테스트','2024-09-01','',0,0);

--  -----3
INSERT INTO book_tb (user_id, title, author_comment, author, category_id, genre_id, introduction, age,likes,serial_day,book_cover_image) 
VALUES (12, '신비의 연금술사와 황금의 약속', '연금술과 판타지 모험의 세계를 그린 소설',
			'작가 B', 3, 5, '잃어버린 여동생을 찾기 위해 다른 세계로 모험을 떠나는 청년의 이야기', '19',325,'일요일','cover/3.png');

INSERT INTO story_tb (book_id, user_id, number, type, title, upload_day, contents, cost , views)
VALUES (3, 12, 0, '프롤로그', '신비의 연금술사와 황금의 약속 - 프롤로그', '2023-10-15','src/main/resources/static/contentText/신비의연금술사와황금의약속프롤로그.txt',0,1458);

INSERT INTO story_tb (book_id, user_id, number, type, title, upload_day, contents, cost, views) 
VALUES (3, 12, 1, '유료', '신비한 만남', '2023-10-22', 'src/main/resources/static/contentText/신비한만남.txt', 200, 900);

INSERT INTO story_tb (book_id, user_id, number, type, title, upload_day, contents, cost, views) 
VALUES (3, 12, 2, '유료', '새로운 동료', '2023-10-29', 'src/main/resources/static/contentText/새로운동료.txt', 200, 920);

INSERT INTO story_tb (book_id, user_id, number, type, title, upload_day, contents, cost, views) 
VALUES (3, 12, 3, '유료', '위험한 숲 속의 그림자', '2023-11-05', 'src/main/resources/static/contentText/위험한숲속의그림자.txt', 200, 940);

INSERT INTO story_tb (book_id, user_id, number, type, title, upload_day, contents, cost, views) 
VALUES (3, 12, 4, '유료', '마법사의 성', '2023-11-12', 'src/main/resources/static/contentText/마법사의성.txt', 200, 960);

INSERT INTO story_tb (book_id, user_id, number, type, title, upload_day, contents, cost, views) 
VALUES (3, 12, 5, '유료', '마법의 도서관', '2023-11-19', 'src/main/resources/static/contentText/마법의도서관.txt', 200, 980);

INSERT INTO story_tb (book_id, user_id, number, type, title, upload_day, contents, cost, views) 
VALUES (3, 12, 6, '유료', '마법의 시험', '2023-11-26', 'src/main/resources/static/contentText/마법의시험.txt', 200, 1000);

INSERT INTO story_tb (book_id, user_id, number, type, title, upload_day, contents, cost, views) 
VALUES (3, 12, 7, '유료', '어둠의 동굴', '2023-12-03', 'src/main/resources/static/contentText/어둠의동굴.txt', 200, 1020);

INSERT INTO story_tb (book_id, user_id, number, type, title, upload_day, contents, cost, views) 
VALUES (3, 12, 8, '유료', '불의 정령과의 계약', '2023-12-10', 'src/main/resources/static/contentText/불의정령과의계약.txt', 200, 1040);

INSERT INTO story_tb (book_id, user_id, number, type, title, upload_day, contents, cost, views) 
VALUES (3, 12, 9, '유료', '얼음의 미로', '2023-12-17', 'src/main/resources/static/contentText/얼음의미로.txt', 200, 1060);

INSERT INTO story_tb (book_id, user_id, number, type, title, upload_day, contents, cost, views) 
VALUES (3, 12, 10, '유료', '신비로운 마법의 숲', '2023-12-24', 'src/main/resources/static/contentText/신비로운마법의숲2.txt', 200, 1080);


-- Book Information SQL
INSERT INTO book_tb (user_id, title, author_comment, author, category_id, genre_id, introduction, age,likes,serial_day,book_cover_image) 
VALUES (21, '바람의 여정과 잃어버린 왕국', '바람 마법을 사용하는 소녀의 모험 이야기', '작가 C', 3, 5, '잃어버린 고대 왕국 에일라스를 찾아 떠나는 리아의 대모험 이야기',
		'15',100,'수요일','cover/4.png');

-- Story Information SQL
INSERT INTO story_tb (book_id, user_id, number, type, title, upload_day, contents,cost , views)
VALUES (4, 21, 0, '프롤로그', '바람의 속삭임', '2024-07-10','src/main/resources/static/contentText/바람의 속삭임2.txt',0 , 740);

INSERT INTO story_tb (book_id, user_id, number, type, title, upload_day, contents, cost, views) 
VALUES (4, 21, 1, '유료', '시작의 바람', '2024-07-17', 'src/main/resources/static/contentText/시작의 바람.txt', 200, 620);

INSERT INTO story_tb (book_id, user_id, number, type, title, upload_day, contents, cost, views) 
VALUES (4, 21, 2, '유료', '폭풍의 흔적', '2024-07-24', 'src/main/resources/static/contentText/폭풍의 흔적.txt', 200, 650);

INSERT INTO story_tb (book_id, user_id, number, type, title, upload_day, contents, cost, views) 
VALUES (4, 21, 3, '유료', '산속의 정령', '2024-08-07', 'src/main/resources/static/contentText/산속의 정령.txt', 200, 670);

INSERT INTO story_tb (book_id, user_id, number, type, title, upload_day, contents, cost, views) 
VALUES (4, 21, 4, '유료', '모래 폭풍의 사막', '2024-08-14', 'src/main/resources/static/contentText/모래 폭풍의 사막.txt', 200, 690);

INSERT INTO story_tb (book_id, user_id, number, type, title, upload_day, contents, cost, views) 
VALUES (4, 21, 5, '유료', '마지막 유물', '2024-08-21', 'src/main/resources/static/contentText/마지막 유물.txt', 200, 710);

INSERT INTO story_tb (book_id, user_id, number, type, title, upload_day, contents, cost, views) 
VALUES (4, 21, 6, '유료', '사원의 시험', '2024-08-28', 'src/main/resources/static/contentText/사원의 시험.txt', 200, 730);

INSERT INTO story_tb (book_id, user_id, number, type, title, upload_day, contents, cost, views) 
VALUES (4, 21, 7, '유료', '어둠의 계곡', '2024-09-04', 'src/main/resources/static/contentText/어둠의 계곡.txt', 200, 750);

INSERT INTO story_tb (book_id, user_id, number, type, title, upload_day, contents, cost, views) 
VALUES (4, 21, 8, '유료', '에일라스의 부활', '2024-09-11', 'src/main/resources/static/contentText/에일라스의 부활.txt', 200, 770);

INSERT INTO story_tb (book_id, user_id, number, type, title, upload_day, contents, cost, views) 
VALUES (4, 21, 9, '유료', '새로운 위협', '2024-09-18', 'src/main/resources/static/contentText/새로운 위협.txt', 200, 790);

INSERT INTO story_tb (book_id, user_id, number, type, title, upload_day, contents, cost, views) 
VALUES (4, 21, 10, '유료', '바람의 선택', '2024-09-25', 'src/main/resources/static/contentText/바람의 선택.txt', 200, 810);

-- 5 Book Information SQL
INSERT INTO book_tb (user_id, title, author_comment, author, category_id, genre_id, introduction, age,likes,serial_day,book_cover_image) 
VALUES (18, '어둠의 성에서 온 초대장', '저주받은 성과 그곳에 숨겨진 비밀을 밝히려는 모험 이야기', '작가 D', 3, 2, 
						'어둠의 성에서 열리는 신비로운 연회에 초대된 사람들의 이야기', '15',50,'토요일','cover/5.png');

INSERT INTO story_tb (book_id, user_id, number, type, title, upload_day, contents,cost ,views)
VALUES (5, 18, 0, '프롤로그', '어둠 속의 초대', '2023-11-04','src/main/resources/static/contentText/어둠 속의 초대.txt', 200 ,153);

INSERT INTO story_tb (book_id, user_id, number, type, title, upload_day, contents, cost, views)
VALUES (5, 18, 1, '유료', '성의 초대장', '2023-11-11', 'src/main/resources/static/contentText/성의 초대장.txt', 200, 160);

INSERT INTO story_tb (book_id, user_id, number, type, title, upload_day, contents, cost, views)
VALUES (5, 18, 2, '유료', '비밀의 열쇠', '2023-11-18', 'src/main/resources/static/contentText/비밀의 열쇠.txt', 200, 210);

INSERT INTO story_tb (book_id, user_id, number, type, title, upload_day, contents, cost, views)
VALUES (5, 18, 3, '유료', '그림자의 위협', '2023-11-25', 'src/main/resources/static/contentText/그림자의 위협.txt', 200, 130);

INSERT INTO story_tb (book_id, user_id, number, type, title, upload_day, contents, cost, views)
VALUES (5, 18, 4, '유료', '고대의 계약', '2023-12-02', 'src/main/resources/static/contentText/고대의 계약.txt', 200, 100);

INSERT INTO story_tb (book_id, user_id, number, type, title, upload_day, contents, cost, views)
VALUES (5, 18, 5, '유료', '영혼의 속삭임', '2023-12-09', 'src/main/resources/static/contentText/영혼의 속삭임.txt', 200, 180);

INSERT INTO story_tb (book_id, user_id, number, type, title, upload_day, contents, cost, views)
VALUES (5, 18, 6, '유료', '연회의 비밀', '2023-12-16', 'src/main/resources/static/contentText/연회의 비밀.txt', 200, 120);

INSERT INTO story_tb (book_id, user_id, number, type, title, upload_day, contents, cost, views)
VALUES (5, 18, 7, '유료', '의식의 밤', '2023-12-23', 'src/main/resources/static/contentText/의식의 밤.txt', 200, 140);

INSERT INTO story_tb (book_id, user_id, number, type, title, upload_day, contents, cost, views)
VALUES (5, 18, 8, '유료', '그림자의 결투', '2024-12-30', 'src/main/resources/static/contentText/그림자의 결투.txt', 200, 200);

INSERT INTO story_tb (book_id, user_id, number, type, title, upload_day, contents, cost, views)
VALUES (5, 18, 9, '유료', '저주의 종말', '2024-01-06', 'src/main/resources/static/contentText/저주의 종말.txt', 200, 180);



-- 6 Book Information SQL
INSERT INTO book_tb (user_id, title, author_comment, author, category_id, genre_id, introduction, age,likes,serial_day,book_cover_image) 
VALUES (28, '붉은 달의 비밀', '금지된 숲과 마법, 그리고 치명적인 사랑 이야기', '작가 F', 3, 7, '붉은 달이 뜨는 밤, 금지된 숲에서 벌어지는 마법과 사랑의 위험한 게임',
						'19',550,'수요일','cover/6.png');

INSERT INTO story_tb (book_id, user_id, number, type, title, upload_day,contents,cost ,views)
VALUES (6, 28, 0, '프롤로그', '붉은 달의 저주', '2022-08-03','src/main/resources/static/contentText/붉은달의저주.txt',0,882);

INSERT INTO story_tb (book_id, user_id, number, type, title, upload_day, contents, cost, views)
VALUES (6, 28, 1, '유료', '붉은 달의 유혹', '2022-08-10', '', 200, 690);

INSERT INTO story_tb (book_id, user_id, number, type, title, upload_day, contents, cost, views)
VALUES (6, 28, 2, '유료', '숲의 비밀', '2022-08-17', 'src/main/resources/static/contentText/숲의비밀.txt', 200, 500);

INSERT INTO story_tb (book_id, user_id, number, type, title, upload_day, contents, cost, views)
VALUES (6, 28, 3, '유료', '마법의 유물', '2022-08-24', 'src/main/resources/static/contentText/마법의유물.txt', 200, 710);

INSERT INTO story_tb (book_id, user_id, number, type, title, upload_day, contents, cost, views)
VALUES (6, 28, 4, '유료', '금단의 사랑', '2022-08-31', 'src/main/resources/static/contentText/마법의유물.txt', 200, 600);

INSERT INTO story_tb (book_id, user_id, number, type, title, upload_day, contents, cost, views)
VALUES (6, 28, 5, '유료', '그림자 속의 진실', '2022-09-07', 'src/main/resources/static/contentText/그림자속의진실.txt', 200, 780);

INSERT INTO story_tb (book_id, user_id, number, type, title, upload_day, contents, cost, views)
VALUES (6, 28, 6, '유료', '붉은 달의 밤', '2022-09-14', 'src/main/resources/static/contentText/붉은달의밤.txt', 200, 670);

INSERT INTO story_tb (book_id, user_id, number, type, title, upload_day, contents, cost, views)
VALUES (6, 28, 7, '유료', '운명의 선택', '2022-09-21', 'src/main/resources/static/contentText/운명의선택.txt', 200, 900);

INSERT INTO story_tb (book_id, user_id, number, type, title, upload_day, contents, cost, views)
VALUES (6, 28, 8, '유료', '사랑과 희생', '2022-09-28', 'src/main/resources/static/contentText/사랑과희생.txt', 200, 850);

INSERT INTO story_tb (book_id, user_id, number, type, title, upload_day, contents, cost, views)
VALUES (6, 28, 9, '유료', '최후의 결전', '2022-10-05', 'src/main/resources/static/contentText/최후의결전.txt', 200, 600);



-- 7 Book Information SQL
INSERT INTO book_tb (user_id, title, author_comment, author, category_id, genre_id, introduction, age,likes,serial_day,book_cover_image) 
VALUES (15, '밤의 연금술사', '금단의 연금술을 탐구하는 두 사람의 어두운 이야기', '작가 G', 3, 5, '연금술의 금기를 깨고 강력한 힘을 얻기 위한 위험한 실험과 그로 인한 갈등',
	'19',80,'금요일','cover/7.png');

INSERT INTO story_tb (book_id, user_id, number, type, title, upload_day, contents ,cost ,views)
VALUES (7, 15, 0, '프롤로그', '밤의 시작', '2024-05-03','src/main/resources/static/contentText/밤의 시작.txt',0,560);

INSERT INTO story_tb (book_id, user_id, number, type, title, upload_day, contents, cost, views)
VALUES (7, 15, 1, '유료', '금기의 시작', '2024-05-10', 'src/main/resources/static/contentText/금기의 시작.txt', 200, 650);

INSERT INTO story_tb (book_id, user_id, number, type, title, upload_day, contents, cost, views)
VALUES (7, 15, 2, '유료', '금단의 서', '2024-05-17', 'src/main/resources/static/contentText/금단의 서.txt', 200, 700);

INSERT INTO story_tb (book_id, user_id, number, type, title, upload_day, contents, cost, views)
VALUES (7, 15, 3, '유료', '금단의 비밀', '2024-05-24', 'src/main/resources/static/contentText/금단의 비밀.txt', 200, 520);

INSERT INTO story_tb (book_id, user_id, number, type, title, upload_day, contents, cost, views)
VALUES (7, 15, 4, '유료', '마법의 서', '2024-05-31', 'src/main/resources/static/contentText/마법의 서.txt', 200, 620);

INSERT INTO story_tb (book_id, user_id, number, type, title, upload_day, contents, cost, views)
VALUES (7, 15, 5, '유료', '시험의 날', '2024-06-07', 'src/main/resources/static/contentText/시험의 날.txt', 200, 680);

INSERT INTO story_tb (book_id, user_id, number, type, title, upload_day, contents, cost, views)
VALUES (7, 15, 6, '유료', '어둠의 힘', '2024-06-14', 'src/main/resources/static/contentText/어둠의 힘.txt', 200, 760);

INSERT INTO story_tb (book_id, user_id, number, type, title, upload_day, contents, cost, views)
VALUES (7, 15, 7, '유료', '힘의 대가', '2024-06-21', 'src/main/resources/static/contentText/힘의 대가.txt', 200, 720);

INSERT INTO story_tb (book_id, user_id, number, type, title, upload_day, contents, cost, views)
VALUES (7, 15, 8, '유료', '어둠의 진실', '2024-06-28', 'src/main/resources/static/contentText/어둠의 진실.txt', 200, 640);

INSERT INTO story_tb (book_id, user_id, number, type, title, upload_day, contents, cost, views)
VALUES (7, 15, 9, '유료', '최후의 결단', '2024-07-05', 'src/main/resources/static/contentText/최후의 결단.txt', 200, 580);



--  8 Book Information 
INSERT INTO book_tb (user_id, title, author_comment, author, category_id, genre_id, introduction, age,likes,serial_day,book_cover_image) 
VALUES (10, '빛의 수호자와 마법의 샘', '마법의 세계에서 빛을 되찾기 위한 소년의 모험 이야기', '작가 H', 3, 5, '마법의 샘을 지키기 위해 떠나는 소년 알렉스의 이야기',
	'15',100,'목요일','cover/8.png');

INSERT INTO story_tb (book_id, user_id, number, type, title, upload_day, contents ,cost ,views)
VALUES (8, 10, 0, '프롤로그', '마법의 시작', '2023-05-16','src/main/resources/static/contentText/마법의 시작.txt' ,0 ,632);

INSERT INTO story_tb (book_id, user_id, number, type, title, upload_day, contents, cost, views)
VALUES (8, 10, 1, '유료', '마법의 첫 걸음', '2024-05-23', 'src/main/resources/static/contentText/마법의 첫 걸음.txt', 200, 680);

INSERT INTO story_tb (book_id, user_id, number, type, title, upload_day, contents, cost, views)
VALUES (8, 10, 2, '유료', '숨겨진 샘물', '2024-05-30', 'src/main/resources/static/contentText/숨겨진 샘물.txt', 200, 456);

INSERT INTO story_tb (book_id, user_id, number, type, title, upload_day, contents, cost, views)
VALUES (8, 10, 3, '유료', '수호자의 비밀', '2024-06-06', 'src/main/resources/static/contentText/수호자의 비밀.txt', 200, 816);

INSERT INTO story_tb (book_id, user_id, number, type, title, upload_day, contents, cost, views)
VALUES (8, 10, 4, '유료', '어둠의 그림자', '2024-06-13', 'src/main/resources/static/contentText/어둠의 그림자.txt', 200, 722);

INSERT INTO story_tb (book_id, user_id, number, type, title, upload_day, contents, cost, views)
VALUES (8, 10, 5, '유료', '빛의 부활', '2024-06-20', 'src/main/resources/static/contentText/빛의 부활.txt', 200, 471);

INSERT INTO story_tb (book_id, user_id, number, type, title, upload_day, contents, cost, views)
VALUES (8, 10, 6, '유료', '샘물을 지키는 자', '2024-06-27', 'src/main/resources/static/contentText/샘물을 지키는 자.txt', 200, 630);

INSERT INTO story_tb (book_id, user_id, number, type, title, upload_day, contents, cost, views)
VALUES (8, 10, 7, '유료', '잃어버린 마법', '2024-07-04', 'src/main/resources/static/contentText/잃어버린 마법.txt', 200, 820);

INSERT INTO story_tb (book_id, user_id, number, type, title, upload_day, contents, cost, views)
VALUES (8, 10, 8, '유료', '힘의 근원', '2024-07-11', 'src/main/resources/static/contentText/힘의 근원.txt', 200, 550);

INSERT INTO story_tb (book_id, user_id, number, type, title, upload_day, contents, cost, views)
VALUES (8, 10, 9, '유료', '최후의 시험', '2024-07-18', 'src/main/resources/static/contentText/최후의 시험.txt', 200, 700);




-- 9  Book Information 
INSERT INTO book_tb (user_id, title, author_comment, author, category_id, genre_id, introduction, age,likes,serial_day,book_cover_image) 
VALUES (20, '그림자의 연인', '귀족 사회의 어둠과 마법의 사랑 이야기', '작가 I', 3, 7, '아름다움과 금단의 마법에 얽힌 위험한 사랑 이야기', '19',23,'토요일','cover/9.png');

INSERT INTO story_tb (book_id, user_id, number, type, title, upload_day, contents ,cost ,views )
VALUES (9, 20, 0, '프롤로그', '어둠 속의 매혹', '2023-11-03','src/main/resources/static/contentText/어둠속의매혹.txt', 0, 849);

INSERT INTO story_tb (book_id, user_id, number, type, title, upload_day, contents, cost, views)
VALUES (9, 20, 1, '유료', '그림자의 부름', '2023-11-10', 'src/main/resources/static/contentText/그림자의 부름.txt', 200, 900);

INSERT INTO story_tb (book_id, user_id, number, type, title, upload_day, contents, cost, views)
VALUES (9, 20, 2, '유료', '금지된 사랑', '2023-11-17', 'src/main/resources/static/contentText/금지된 사랑.txt', 200, 800);

INSERT INTO story_tb (book_id, user_id, number, type, title, upload_day, contents, cost, views)
VALUES (9, 20, 3, '유료', '어둠 속의 춤', '2023-11-24', 'src/main/resources/static/contentText/어둠 속의 춤.txt', 200, 700);

INSERT INTO story_tb (book_id, user_id, number, type, title, upload_day, contents, cost, views)
VALUES (9, 20, 4, '유료', '비밀의 연인', '2023-12-01', 'src/main/resources/static/contentText/비밀의 연인.txt', 200, 850);

INSERT INTO story_tb (book_id, user_id, number, type, title, upload_day, contents, cost, views)
VALUES (9, 20, 5, '유료', '마법의 대가', '2023-12-08', 'src/main/resources/static/contentText/마법의 대가.txt', 200, 870);

INSERT INTO story_tb (book_id, user_id, number, type, title, upload_day, contents, cost, views)
VALUES (9, 20, 6, '유료', '심연으로의 초대', '2023-12-15', 'src/main/resources/static/contentText/심연으로의 초대.txt', 200, 880);

INSERT INTO story_tb (book_id, user_id, number, type, title, upload_day, contents, cost, views)
VALUES (9, 20, 7, '유료', '그림자의 운명', '2023-12-22', 'src/main/resources/static/contentText/그림자의 운명.txt', 200, 920);

INSERT INTO story_tb (book_id, user_id, number, type, title, upload_day, contents, cost, views)
VALUES (9, 20, 8, '유료', '진실과 거짓', '2023-12-29', 'src/main/resources/static/contentText/진실과 거짓.txt', 200, 940);

INSERT INTO story_tb (book_id, user_id, number, type, title, upload_day, contents, cost, views)
VALUES (9, 20, 9, '유료', '최후의 선택', '2024-01-05', 'src/main/resources/static/contentText/최후의 선택.txt', 200, 870);

-- 10  Book Information 
INSERT INTO book_tb (user_id, title, author_comment, author, category_id, genre_id, introduction, age,likes,serial_day,book_cover_image) 
VALUES (14, '시간의 미로 속에서', '시간을 초월한 모험과 비밀을 찾아 나서는 이야기', '작가 J', 3, 5, '시간의 미로에 갇혀 잃어버린 기억과 과거의 죄책감을 마주하는 탐험 이야기',
			'15',15,'금요일','cover/10.png');

INSERT INTO story_tb (book_id, user_id, number, type, title, upload_day, contents ,cost ,views)
VALUES (10, 14, 0, '프롤로그', '미로의 입구', '2024-01-15','src/main/resources/static/contentText/미로의입구2.txt', 0 ,564);

INSERT INTO story_tb (book_id, user_id, number, type, title, upload_day, contents, cost, views)
VALUES (10, 14, 1, '유료', '시간의 문', '2024-01-22', 'src/main/resources/static/contentText/시간의문2.txt', 200, 600);

INSERT INTO story_tb (book_id, user_id, number, type, title, upload_day, contents, cost, views)
VALUES (10, 14, 2, '유료', '잃어버린 기억', '2024-01-29', 'src/main/resources/static/contentText/잃어버린기억2.txt', 200, 500);

INSERT INTO story_tb (book_id, user_id, number, type, title, upload_day, contents, cost, views)
VALUES (10, 14, 3, '유료', '과거와의 대면', '2024-02-05', 'src/main/resources/static/contentText/과거와의대면2.txt', 200, 450);

INSERT INTO story_tb (book_id, user_id, number, type, title, upload_day, contents, cost, views)
VALUES (10, 14, 4, '유료', '미로 속의 미로', '2024-02-12', 'src/main/resources/static/contentText/미로속의미로2.txt', 200, 580);

INSERT INTO story_tb (book_id, user_id, number, type, title, upload_day, contents, cost, views)
VALUES (10, 14, 5, '유료', '운명의 전환', '2024-02-19', 'src/main/resources/static/contentText/운명의전환2.txt', 200, 600);

INSERT INTO story_tb (book_id, user_id, number, type, title, upload_day, contents, cost, views)
VALUES (10, 14, 6, '유료', '시간의 수수께끼', '2024-02-26', 'src/main/resources/static/contentText/시간의수수께끼2.txt', 200, 650);

INSERT INTO story_tb (book_id, user_id, number, type, title, upload_day, contents, cost, views)
VALUES (10, 14, 7, '유료', '과거의 그림자', '2024-03-04', 'src/main/resources/static/contentText/과거의그림자2.txt', 200, 580);

INSERT INTO story_tb (book_id, user_id, number, type, title, upload_day, contents, cost, views)
VALUES (10, 14, 8, '유료', '새로운 시간대', '2024-03-11', 'src/main/resources/static/contentText/새로운시간대2.txt', 200, 640);

INSERT INTO story_tb (book_id, user_id, number, type, title, upload_day, contents, cost, views)
VALUES (10, 14, 9, '유료', '마지막 퍼즐', '2024-03-18', 'src/main/resources/static/contentText/마지막퍼즐2.txt', 200, 520);

-- 11  Book Information 
INSERT INTO book_tb (user_id, title, author_comment, author, category_id, genre_id, introduction, age,likes,serial_day,book_cover_image) 
VALUES (18, '얼어붙은 대지의 심장', '끝없는 겨울을 끝내기 위한 기사단의 희생과 모험 이야기', '작가 K', 3, 5, '얼어붙은 대지의 저주를 풀기 위해 설산의 심장부로 향하는 기사단의 여정', 
			'15',10,'월요일','cover/11.png');

INSERT INTO story_tb (book_id, user_id, number, type, title, upload_day, contents ,cost ,views)
VALUES (11, 18, 0, '프롤로그', '얼어붙은 심장', '2023-08-29','src/main/resources/static/contentText/얼어붙은 심장.txt' , 0 ,932);

INSERT INTO story_tb (book_id, user_id, number, type, title, upload_day, contents, cost, views)
VALUES (11, 18, 1, '유료', '겨울의 저주', '2023-09-05', 'src/main/resources/static/contentText/겨울의 저주.txt', 200, 980);

INSERT INTO story_tb (book_id, user_id, number, type, title, upload_day, contents, cost, views)
VALUES (11, 18, 2, '유료', '얼린 심장', '2023-09-12', 'src/main/resources/static/contentText/얼린 심장.txt', 200, 840);

INSERT INTO story_tb (book_id, user_id, number, type, title, upload_day, contents, cost, views)
VALUES (11, 18, 3, '유료', '눈 속의 진실', '2023-09-19', 'src/main/resources/static/contentText/눈 속의 진실.txt', 200, 920);

INSERT INTO story_tb (book_id, user_id, number, type, title, upload_day, contents, cost, views)
VALUES (11, 18, 4, '유료', '설산의 전설', '2023-09-26', 'src/main/resources/static/contentText/설산의 전설.txt', 200, 880);

INSERT INTO story_tb (book_id, user_id, number, type, title, upload_day, contents, cost, views)
VALUES (11, 18, 5, '유료', '얼음의 전사', '2023-10-03', 'src/main/resources/static/contentText/얼음의 전사.txt', 200, 890);

INSERT INTO story_tb (book_id, user_id, number, type, title, upload_day, contents, cost, views)
VALUES (11, 18, 6, '유료', '희생의 서사시', '2023-10-10', 'src/main/resources/static/contentText/희생의 서사시.txt', 200, 950);

INSERT INTO story_tb (book_id, user_id, number, type, title, upload_day, contents, cost, views)
VALUES (11, 18, 7, '유료', '대지의 울음', '2023-10-17', 'src/main/resources/static/contentText/대지의 울음.txt', 200, 900);

INSERT INTO story_tb (book_id, user_id, number, type, title, upload_day, contents, cost, views)
VALUES (11, 18, 8, '유료', '불의 도전', '2023-10-24', 'src/main/resources/static/contentText/불의 도전.txt', 200, 860);

INSERT INTO story_tb (book_id, user_id, number, type, title, upload_day, contents, cost, views)
VALUES (11, 18, 9, '유료', '저주의 파괴', '2023-10-31', 'src/main/resources/static/contentText/저주의 파괴.txt', 200, 920);




--  12  Book Information 
INSERT INTO book_tb (user_id, title, author_comment, author, category_id, genre_id, introduction, age,likes,serial_day,book_cover_image) 
VALUES (22, '밤의 정원사', '어둠 속의 정원과 그곳에 숨겨진 치명적인 비밀 이야기', '작가 L', 3, 2, '밤마다 정원을 가꾸는 미스터리한 정원사와 그의 어두운 비밀', 
							'19',20,'화요일','cover/12.png');

INSERT INTO story_tb (book_id, user_id, number, type, title, upload_day, contents ,cost ,views)
VALUES (12, 22, 0, '프롤로그', '정원의 속삭임', '2024-02-09','src/main/resources/static/contentText/정원의 속삭임.txt', 0 ,821);

INSERT INTO story_tb (book_id, user_id, number, type, title, upload_day, contents, cost, views)
VALUES (12, 22, 1, '유료', '정원의 비밀', '2024-02-16', 'src/main/resources/static/contentText/정원의 비밀.txt', 200, 870);

INSERT INTO story_tb (book_id, user_id, number, type, title, upload_day, contents, cost, views)
VALUES (12, 22, 2, '유료', '어둠의 정원사', '2024-02-23', 'src/main/resources/static/contentText/어둠의 정원사.txt', 200, 810);

INSERT INTO story_tb (book_id, user_id, number, type, title, upload_day, contents, cost, views)
VALUES (12, 22, 3, '유료', '치명적인 유혹', '2024-03-01', 'src/main/resources/static/contentText/치명적인 유혹.txt', 200, 780);

INSERT INTO story_tb (book_id, user_id, number, type, title, upload_day, contents, cost, views)
VALUES (12, 22, 4, '유료', '숨겨진 진실', '2024-03-08', 'src/main/resources/static/contentText/숨겨진 진실.txt', 200, 850);

INSERT INTO story_tb (book_id, user_id, number, type, title, upload_day, contents, cost, views)
VALUES (12, 22, 5, '유료', '밤의 꽃', '2024-03-15', 'src/main/resources/static/contentText/밤의 꽃.txt', 200, 790);

INSERT INTO story_tb (book_id, user_id, number, type, title, upload_day, contents, cost, views)
VALUES (12, 22, 6, '유료', '정원의 수호자', '2024-03-22', 'src/main/resources/static/contentText/정원의 수호자.txt', 200, 830);

INSERT INTO story_tb (book_id, user_id, number, type, title, upload_day, contents, cost, views)
VALUES (12, 22, 7, '유료', '그림자 속의 비밀', '2024-03-29', 'src/main/resources/static/contentText/그림자 속의 비밀.txt', 200, 800);

INSERT INTO story_tb (book_id, user_id, number, type, title, upload_day, contents, cost, views)
VALUES (12, 22, 8, '유료', '최후의 시련', '2024-04-05', 'src/main/resources/static/contentText/최후의 시련.txt', 200, 870);

INSERT INTO story_tb (book_id, user_id, number, type, title, upload_day, contents, cost, views)
VALUES (12, 22, 9, '유료', '정원의 부활', '2024-04-12', 'src/main/resources/static/contentText/정원의 부활.txt', 200, 800);


--   13    Book Information
INSERT INTO book_tb (user_id, title, author_comment, author, category_id, genre_id, introduction, age,likes,serial_day,book_cover_image) 
VALUES (13, '용의 숨결 속으로', '용들과의 싸움과 평화를 찾아 떠나는 소녀의 이야기', '작가 M', 3, 5, '용들의 폭주로 혼란에 빠진 왕국을 구하기 위한 아일라의 모험',
			'15',150,'목요일','cover/13.png');

INSERT INTO story_tb (book_id, user_id, number, type, title, upload_day, contents ,cost ,views)
VALUES (13, 13, 0, '프롤로그', '용의 울부짖음', '2023-12-11','src/main/resources/static/contentText/용의 울부짖음.txt', 0 ,437);

INSERT INTO story_tb (book_id, user_id, number, type, title, upload_day, contents, cost, views)
VALUES (13, 13, 1, '유료', '용의 알', '2023-12-18', 'src/main/resources/static/contentText/용의 알.txt', 200, 430);

INSERT INTO story_tb (book_id, user_id, number, type, title, upload_day, contents, cost, views)
VALUES (13, 13, 2, '유료', '폭주의 서막', '2023-12-25', 'src/main/resources/static/contentText/폭주의 서막.txt', 200, 470);

INSERT INTO story_tb (book_id, user_id, number, type, title, upload_day, contents, cost, views)
VALUES (13, 13, 3, '유료', '왕국의 위기', '2024-01-01', 'src/main/resources/static/contentText/왕국의 위기.txt', 200, 410);

INSERT INTO story_tb (book_id, user_id, number, type, title, upload_day, contents, cost, views)
VALUES (13, 13, 4, '유료', '평화의 갈림길', '2024-01-08', 'src/main/resources/static/contentText/평화의 갈림길.txt', 200, 420);

INSERT INTO story_tb (book_id, user_id, number, type, title, upload_day, contents, cost, views)
VALUES (13, 13, 5, '유료', '용과의 만남', '2024-01-15', 'src/main/resources/static/contentText/용과의 만남.txt', 200, 460);

INSERT INTO story_tb (book_id, user_id, number, type, title, upload_day, contents, cost, views)
VALUES (13, 13, 6, '유료', '왕국의 구원자', '2024-01-22', 'src/main/resources/static/contentText/왕국의 구원자.txt', 200, 490);

INSERT INTO story_tb (book_id, user_id, number, type, title, upload_day, contents, cost, views)
VALUES (13, 13, 7, '유료', '불의 시험', '2024-01-29', 'src/main/resources/static/contentText/불의 시험2.txt', 200, 480);

INSERT INTO story_tb (book_id, user_id, number, type, title, upload_day, contents, cost, views)
VALUES (13, 13, 8, '유료', '새로운 용의 탄생', '2024-02-05', 'src/main/resources/static/contentText/새로운 용의 탄생.txt', 200, 450);

INSERT INTO story_tb (book_id, user_id, number, type, title, upload_day, contents, cost, views)
VALUES (13, 13, 9, '유료', '마지막 전투', '2024-02-12', 'src/main/resources/static/contentText/마지막 전투.txt', 200, 440);





--   14   Book Information
INSERT INTO book_tb (user_id, title, author_comment, author, category_id, genre_id, introduction, age,likes,serial_day,book_cover_image) 
VALUES (24, '밤의 연회', '어둠 속의 연회에서 벌어지는 위험한 음모와 유혹 이야기', '작가 N', 3, 2, '비밀스러운 연회에서 도시의 어두운 비밀을 밝히려는 첩보원의 이야기',
		'19',44,'금요일','cover/14.png');

INSERT INTO story_tb (book_id, user_id, number, type, title, upload_day, contents ,cost ,views)
VALUES (14, 24, 0, '프롤로그', '어둠의 서곡', '2024-03-18','src/main/resources/static/contentText/어둠의 서곡.txt' , 0 , 812);

INSERT INTO story_tb (book_id, user_id, number, type, title, upload_day, contents, cost, views)
VALUES (14, 24, 1, '유료', '연회의 초대장', '2024-03-25', 'src/main/resources/static/contentText/연회의 초대장.txt', 200, 780);

INSERT INTO story_tb (book_id, user_id, number, type, title, upload_day, contents, cost, views)
VALUES (14, 24, 2, '유료', '어둠의 음모', '2024-04-01', 'src/main/resources/static/contentText/어둠의 음모.txt', 200, 820);

INSERT INTO story_tb (book_id, user_id, number, type, title, upload_day, contents, cost, views)
VALUES (14, 24, 3, '유료', '비밀의 요원', '2024-04-08', 'src/main/resources/static/contentText/비밀의 요원.txt', 200, 800);

INSERT INTO story_tb (book_id, user_id, number, type, title, upload_day, contents, cost, views)
VALUES (14, 24, 4, '유료', '도시의 비밀', '2024-04-15', 'src/main/resources/static/contentText/도시의 비밀.txt', 200, 850);

INSERT INTO story_tb (book_id, user_id, number, type, title, upload_day, contents, cost, views)
VALUES (14, 24, 5, '유료', '연회의 소리', '2024-04-22', 'src/main/resources/static/contentText/연회의 소리.txt', 200, 830);

INSERT INTO story_tb (book_id, user_id, number, type, title, upload_day, contents, cost, views)
VALUES (14, 24, 6, '유료', '어둠의 전조', '2024-04-29', 'src/main/resources/static/contentText/어둠의 전조.txt', 200, 810);

INSERT INTO story_tb (book_id, user_id, number, type, title, upload_day, contents, cost, views)
VALUES (14, 24, 7, '유료', '위험한 유혹', '2024-05-06', 'src/main/resources/static/contentText/위험한 유혹.txt', 200, 840);

INSERT INTO story_tb (book_id, user_id, number, type, title, upload_day, contents, cost, views)
VALUES (14, 24, 8, '유료', '최후의 연회', '2024-05-13', 'src/main/resources/static/contentText/최후의 연회.txt', 200, 790);

INSERT INTO story_tb (book_id, user_id, number, type, title, upload_day, contents, cost, views)
VALUES (14, 24, 9, '유료', '비밀의 폭로', '2024-05-20', 'src/main/resources/static/contentText/비밀의 폭로.txt', 200, 800);



--  15   Book Information
INSERT INTO book_tb (user_id, title, author_comment, author, category_id, genre_id, introduction, age,likes,serial_day,book_cover_image) 
VALUES (16, '불멸의 전사', '전설적인 힘을 가진 전사가 세상의 운명을 결정짓는 이야기', '작가 O', 3, 5, '불멸의 전사의 후손이 되어 세상을 지키기 위해 싸우는 칼릭스의 이야기',
			'15',57,'일요일','cover/15.png');

INSERT INTO story_tb (book_id, user_id, number, type, title, upload_day, contents ,cost ,views)
VALUES (15, 16, 0, '프롤로그', '전설의 검', '2024-04-21','src/main/resources/static/contentText/전설의 검.txt' ,0 ,1100);

INSERT INTO story_tb (book_id, user_id, number, type, title, upload_day, contents, cost, views)
VALUES (15, 16, 1, '유료', '전사의 서약', '2024-04-28', 'src/main/resources/static/contentText/전사의 서약.txt', 200, 1050);

INSERT INTO story_tb (book_id, user_id, number, type, title, upload_day, contents, cost, views)
VALUES (15, 16, 2, '유료', '전설의 시작', '2024-05-05', 'src/main/resources/static/contentText/전설의 시작.txt', 200, 1030);

INSERT INTO story_tb (book_id, user_id, number, type, title, upload_day, contents, cost, views)
VALUES (15, 16, 3, '유료', '불멸의 힘', '2024-05-12', 'src/main/resources/static/contentText/불멸의 힘.txt', 200, 1080);

INSERT INTO story_tb (book_id, user_id, number, type, title, upload_day, contents, cost, views)
VALUES (15, 16, 4, '유료', '전사의 시험', '2024-05-19', 'src/main/resources/static/contentText/전사의 시험.txt', 200, 1120);

INSERT INTO story_tb (book_id, user_id, number, type, title, upload_day, contents, cost, views)
VALUES (15, 16, 5, '유료', '힘의 갈림길', '2024-05-26', 'src/main/resources/static/contentText/힘의 갈림길.txt', 200, 1090);

INSERT INTO story_tb (book_id, user_id, number, type, title, upload_day, contents, cost, views)
VALUES (15, 16, 6, '유료', '새로운 적', '2024-06-02', 'src/main/resources/static/contentText/새로운 적.txt', 200, 1150);

INSERT INTO story_tb (book_id, user_id, number, type, title, upload_day, contents, cost, views)
VALUES (15, 16, 7, '유료', '전사의 운명', '2024-06-09', 'src/main/resources/static/contentText/전사의 운명.txt', 200, 1070);

INSERT INTO story_tb (book_id, user_id, number, type, title, upload_day, contents, cost, views)
VALUES (15, 16, 8, '유료', '불멸의 비밀', '2024-06-16', 'src/main/resources/static/contentText/불멸의 비밀.txt', 200, 1100);

INSERT INTO story_tb (book_id, user_id, number, type, title, upload_day, contents, cost, views)
VALUES (15, 16, 9, '유료', '최후의 전투', '2024-06-23', 'src/main/resources/static/contentText/최후의 전투.txt', 200, 1060);

--   16    Book Information 
INSERT INTO book_tb (user_id, title, author_comment, author, category_id, genre_id, introduction, age,likes,serial_day,book_cover_image) 
VALUES (19, '검은 바다의 지배자', '전설의 바다에서 보물을 찾는 용감한 항해자의 이야기', '작가 P', 3, 11, '검은 바다에서 숨겨진 비밀을 찾기 위해 위험을 무릅쓰고 항해하는 리안의 모험', 
			'15',250,'화요일','cover/16.png');

INSERT INTO story_tb (book_id, user_id, number, type, title, upload_day, contents ,cost ,views)
VALUES (16, 19, 0, '프롤로그', '바다의 부름', '2024-01-11','src/main/resources/static/contentText/바다의 부름.txt',0 ,681 );

INSERT INTO story_tb (book_id, user_id, number, type, title, upload_day, contents, cost, views)
VALUES (16, 19, 1, '유료', '바다의 속삭임', '2024-01-18', 'src/main/resources/static/contentText/바다의 속삭임.txt', 200, 720);

INSERT INTO story_tb (book_id, user_id, number, type, title, upload_day, contents, cost, views)
VALUES (16, 19, 2, '유료', '항해의 시작', '2024-01-25', 'src/main/resources/static/contentText/항해의 시작.txt', 200, 650);

INSERT INTO story_tb (book_id, user_id, number, type, title, upload_day, contents, cost, views)
VALUES (16, 19, 3, '유료', '보물의 비밀', '2024-02-01', 'src/main/resources/static/contentText/보물의 비밀.txt', 200, 630);

INSERT INTO story_tb (book_id, user_id, number, type, title, upload_day, contents, cost, views)
VALUES (16, 19, 4, '유료', '해적의 습격', '2024-02-08', 'src/main/resources/static/contentText/해적의 습격.txt', 200, 700);

INSERT INTO story_tb (book_id, user_id, number, type, title, upload_day, contents, cost, views)
VALUES (16, 19, 5, '유료', '바다의 전설', '2024-02-15', 'src/main/resources/static/contentText/바다의 전설.txt', 200, 690);

INSERT INTO story_tb (book_id, user_id, number, type, title, upload_day, contents, cost, views)
VALUES (16, 19, 6, '유료', '용감한 항해자', '2024-02-22', 'src/main/resources/static/contentText/용감한 항해자.txt', 200, 710);

INSERT INTO story_tb (book_id, user_id, number, type, title, upload_day, contents, cost, views)
VALUES (16, 19, 7, '유료', '위험한 폭풍', '2024-02-29', 'src/main/resources/static/contentText/위험한 폭풍.txt', 200, 680);

INSERT INTO story_tb (book_id, user_id, number, type, title, upload_day, contents, cost, views)
VALUES (16, 19, 8, '유료', '검은 바다의 심연', '2024-03-07', 'src/main/resources/static/contentText/검은 바다의 심연.txt', 200, 660);

INSERT INTO story_tb (book_id, user_id, number, type, title, upload_day, contents, cost, views)
VALUES (16, 19, 9, '유료', '최후의 항해', '2024-03-14', 'src/main/resources/static/contentText/최후의 항해.txt', 200, 690);

--   17  Book Information 
INSERT INTO book_tb (user_id, title, author_comment, author, category_id, genre_id, introduction, age,likes,serial_day,book_cover_image) 
VALUES (17, '황혼의 성벽', '어둠의 세계와 싸우는 수호자의 이야기', '작가 Q', 3, 2, '세상과 어둠의 세계를 가르는 성벽을 지키기 위한 엘리야의 마지막 전투',
			'19',22,'목요일','cover/17.png');

INSERT INTO story_tb (book_id, user_id, number, type, title, upload_day, contents ,cost ,views)
VALUES (17, 17, 0, '프롤로그', '성벽의 균열', '2023-11-07','src/main/resources/static/contentText/성벽의 균열.txt', 0 ,991);

INSERT INTO story_tb (book_id, user_id, number, type, title, upload_day, contents, cost, views)
VALUES (17, 17, 1, '유료', '성벽의 수호자', '2023-11-14', 'src/main/resources/static/contentText/성벽의 수호자.txt', 200, 970);

INSERT INTO story_tb (book_id, user_id, number, type, title, upload_day, contents, cost, views)
VALUES (17, 17, 2, '유료', '어둠의 침략', '2023-11-21', 'src/main/resources/static/contentText/어둠의 침략.txt', 200, 990);

INSERT INTO story_tb (book_id, user_id, number, type, title, upload_day, contents, cost, views)
VALUES (17, 17, 3, '유료', '빛의 전사', '2023-11-28', 'src/main/resources/static/contentText/빛의 전사.txt', 200, 950);

INSERT INTO story_tb (book_id, user_id, number, type, title, upload_day, contents, cost, views)
VALUES (17, 17, 4, '유료', '성벽을 넘어서', '2023-12-05', 'src/main/resources/static/contentText/성벽을 넘어서.txt', 200, 930);

INSERT INTO story_tb (book_id, user_id, number, type, title, upload_day, contents, cost, views)
VALUES (17, 17, 5, '유료', '마지막 방어', '2023-12-12', 'src/main/resources/static/contentText/마지막 방어.txt', 200, 940);

INSERT INTO story_tb (book_id, user_id, number, type, title, upload_day, contents, cost, views)
VALUES (17, 17, 6, '유료', '적과의 대치', '2023-12-19', 'src/main/resources/static/contentText/적과의 대치.txt', 200, 910);

INSERT INTO story_tb (book_id, user_id, number, type, title, upload_day, contents, cost, views)
VALUES (17, 17, 7, '유료', '전사의 부활', '2023-12-26', 'src/main/resources/static/contentText/전사의 부활.txt', 200, 880);

INSERT INTO story_tb (book_id, user_id, number, type, title, upload_day, contents, cost, views)
VALUES (17, 17, 8, '유료', '성벽의 숨결', '2024-01-02', 'src/main/resources/static/contentText/성벽의 숨결.txt', 200, 930);

INSERT INTO story_tb (book_id, user_id, number, type, title, upload_day, contents, cost, views)
VALUES (17, 17, 9, '유료', '최후의 선택', '2024-01-09', 'src/main/resources/static/contentText/최후의 선택2.txt', 200, 920);




--   18   Book Information 
INSERT INTO book_tb (user_id, title, author_comment, author, category_id, genre_id, introduction, age,likes,serial_day,book_cover_image) 
VALUES (26, '별빛 아래의 서약', '별빛 아래에서 맺은 사랑과 모험 이야기', '작가 R', 3, 7, '별빛 숲에서 사랑을 찾고 마법적 서약을 맺은 연인의 이야기',
			'15',13,'토요일','cover/18.png');

INSERT INTO story_tb (book_id, user_id, number, type, title, upload_day, contents ,cost ,views)
VALUES (18, 26, 0, '프롤로그', '별빛의 약속2', '2023-10-15','src/main/resources/static/contentText/별빛의 서약.txt', 0 , 874);

INSERT INTO story_tb (book_id, user_id, number, type, title, upload_day, contents, cost, views)
VALUES (18, 26, 1, '유료', '별빛의 서약', '2023-10-22', 'src/main/resources/static/contentText/별빛의 서약.txt', 200, 800);

INSERT INTO story_tb (book_id, user_id, number, type, title, upload_day, contents, cost, views)
VALUES (18, 26, 2, '유료', '사랑과 모험', '2023-10-29', 'src/main/resources/static/contentText/사랑과 모험.txt', 200, 860);

INSERT INTO story_tb (book_id, user_id, number, type, title, upload_day, contents, cost, views)
VALUES (18, 26, 3, '유료', '마법적 서약', '2023-11-05', 'src/main/resources/static/contentText/마법적 서약.txt', 200, 810);

INSERT INTO story_tb (book_id, user_id, number, type, title, upload_day, contents, cost, views)
VALUES (18, 26, 4, '유료', '별빛 숲의 비밀', '2023-11-12', 'src/main/resources/static/contentText/별빛 숲의 비밀.txt', 200, 780);

INSERT INTO story_tb (book_id, user_id, number, type, title, upload_day, contents, cost, views)
VALUES (18, 26, 5, '유료', '영원의 맹세', '2023-11-19', 'src/main/resources/static/contentText/영원의 맹세.txt', 200, 820);

INSERT INTO story_tb (book_id, user_id, number, type, title, upload_day, contents, cost, views)
VALUES (18, 26, 6, '유료', '마법의 유대', '2023-11-26', 'src/main/resources/static/contentText/마법의 유대.txt', 200, 790);

INSERT INTO story_tb (book_id, user_id, number, type, title, upload_day, contents, cost, views)
VALUES (18, 26, 7, '유료', '별빛 속의 진실', '2023-12-03', 'src/main/resources/static/contentText/별빛 속의 진실.txt', 200, 810);

INSERT INTO story_tb (book_id, user_id, number, type, title, upload_day, contents, cost, views)
VALUES (18, 26, 8, '유료', '위험한 선택', '2023-12-10', 'src/main/resources/static/contentText/위험한 선택.txt', 200, 830);

INSERT INTO story_tb (book_id, user_id, number, type, title, upload_day, contents, cost, views)
VALUES (18, 26, 9, '유료', '최후의 사랑', '2023-12-17', 'src/main/resources/static/contentText/최후의 사랑.txt', 200, 800);



--------------------------
-- 19

INSERT INTO book_tb (user_id, title, author_comment, author, category_id, genre_id, introduction, age, likes, serial_day, book_cover_image) 
VALUES (27, '천사와 악마의 사랑', '달빛 아래에서 이루어진 소원과 여정 이야기', '작가 L', 3, 7, '달빛 숲에서 펼쳐지는 소원과 모험의 이야기',
		 '15', 25, '월요일', 'cover/19.jpeg');
-- story_tb 테이블에 데이터 삽입
INSERT INTO story_tb (book_id, user_id, number, type, title, upload_day, contents, cost, views) 
VALUES (19, 27, 0, '프롤로그', '달빛의 소원', '2023-5-20', 'src/main/resources/static/contentText/미지의 시작.txt', 0, 930);

INSERT INTO story_tb (book_id, user_id, number, type, title, upload_day, contents, cost, views) 
VALUES (19, 27, 1, '1화', '다가오는 어둠', '2023-6-20', 'src/main/resources/static/contentText/다가오는 어둠.txt', 200, 430);

INSERT INTO story_tb (book_id, user_id, number, type, title, upload_day, contents, cost, views) 
VALUES (19, 27, 2, '2화', '진실과 거짓', '2023-7-20', 'src/main/resources/static/contentText/진실과 거짓.txt', 200, 560);

INSERT INTO story_tb (book_id, user_id, number, type, title, upload_day, contents, cost, views) 
VALUES (19, 27, 3, '3화', '감정의 소용돌이', '2023-8-20', 'src/main/resources/static/contentText/감정의 소용돌이.txt', 200, 780);

-- 20

INSERT INTO book_tb (user_id, title, author_comment, author, category_id, genre_id, introduction, age, likes, serial_day, book_cover_image) 
VALUES (28, '시골에서 펼쳐지는 우정의 힐링스토리', '이 이야기는 바쁜 도시 생활에서 벗어나 시골에서 우정을 찾고 마음의 평화를 찾는 두 사람의 이야기입니다', '작가 OP', 1, 8, '준호와 수지가 시골 마을에서 함께하면서 서로의 우정을 다시 발견하고, 자연 속에서 마음의 치유를 경험하는 힐링 스토리',
		 '15', 105, '월요일', 'cover/20.jpeg');
		 
		 INSERT INTO story_tb (book_id, user_id, number, type, title, upload_day, contents, cost, views) 
VALUES (20, 28, 0, '프롤로그', '시골 마을로의 귀향', '2023-3-11', 'src/main/resources/static/contentText/시골 마을로의 귀향.txt', 0, 1231);

INSERT INTO story_tb (book_id, user_id, number, type, title, upload_day, contents, cost, views) 
VALUES (20, 28, 1, '1화', '추억의 산책', '2023-3-20', 'src/main/resources/static/contentText/추억의 산책.txt', 200, 1240);

INSERT INTO story_tb (book_id, user_id, number, type, title, upload_day, contents, cost, views) 
VALUES (20, 28, 2, '2화', '농사 체험', '2023-4-10', 'src/main/resources/static/contentText/농사 체험.txt', 200, 1423);

INSERT INTO story_tb (book_id, user_id, number, type, title, upload_day, contents, cost, views) 
VALUES (20, 28, 3, '3화', '저녁 식사와 이야기', '2023-5-20', 'src/main/resources/static/contentText/저녁 식사와 이야기.txt', 200, 1521);

-- 21

INSERT INTO book_tb (user_id, title, author_comment, author, category_id, genre_id, introduction, age, likes, serial_day, book_cover_image) 
VALUES (29, '거짓의 미로', '저택의 미로', '에도가와 코난', 3, 1, '파티가 시작되면서 저택은....',
		 '15', 25, '월요일', 'cover/22.jpeg');
		 
		 	 
		 INSERT INTO story_tb (book_id, user_id, number, type, title, upload_day, contents, cost, views) 
VALUES (21, 29, 0, '프롤로그', '거짓의 미로', '2023-3-11', 'src/main/resources/static/contentText/거짓의 미로.txt', 0, 2641);

INSERT INTO story_tb (book_id, user_id, number, type, title, upload_day, contents, cost, views) 
VALUES (21, 29, 1, '1화', '숨겨진 서신', '2023-3-20', 'src/main/resources/static/contentText/숨겨진 서신.txt', 200, 1932);

INSERT INTO story_tb (book_id, user_id, number, type, title, upload_day, contents, cost, views) 
VALUES (21, 29, 2, '2화', '미로 속의 그림자', '2023-4-10', 'src/main/resources/static/contentText/미로 속의 그림자.txt', 200, 3204);

INSERT INTO story_tb (book_id, user_id, number, type, title, upload_day, contents, cost, views) 
VALUES (21, 29, 3, '3화', '사라진 사람들', '2023-5-20', 'src/main/resources/static/contentText/사라진 사람들.txt', 200, 3817);


-- 22

INSERT INTO book_tb (user_id, title, author_comment, author, category_id, genre_id, introduction, age, likes, serial_day, book_cover_image) 
VALUES (30, '공중정원', '정원에서 펼쳐지는 학생간의 풋풋한 이야기', '노랭이', 1, 8, '공중정원에서 펼쳐지는 세남녀간의 러브스토리',
		 '15', 25, '월요일', 'cover/21.jpeg');
		 
		  INSERT INTO story_tb (book_id, user_id, number, type, title, upload_day, contents, cost, views) 
VALUES (22, 30, 0, '프롤로그', '학교안의 비밀의숲', '2023-3-11', 'src/main/resources/static/contentText/시골 마을로의 귀향.txt', 0, 2641);

INSERT INTO story_tb (book_id, user_id, number, type, title, upload_day, contents, cost, views) 
VALUES (22, 30, 1, '1화', '공중정원 벤치', '2023-3-20', 'src/main/resources/static/contentText/추억의 산책.txt', 200, 1932);

INSERT INTO story_tb (book_id, user_id, number, type, title, upload_day, contents, cost, views) 
VALUES (22, 30, 2, '2화', '학교안의 루머', '2023-4-10', 'src/main/resources/static/contentText/농사 체험.txt', 200, 3204);

INSERT INTO story_tb (book_id, user_id, number, type, title, upload_day, contents, cost, views) 
VALUES (22, 30, 3, '3화', '방과 후 활동', '2023-5-20', 'src/main/resources/static/contentText/저녁 식사와 이야기.txt', 200, 3817);


-- 23

INSERT INTO book_tb (user_id, title, author_comment, author, category_id, genre_id, introduction, age, likes, serial_day, book_cover_image) 
VALUES (31, '꿈의 마법 세계', '드림 매직', '작가 한', 2, 10, '엘라는 언제나 꿈을 꾸는 것을 좋아했다',
		 '15', 671, '월요일', 'cover/23.jpeg');
		 
		 INSERT INTO story_tb (book_id, user_id, number, type, title, upload_day, contents, cost, views) 
VALUES (23, 31, 0, '프롤로그', '꿈의 마법 세계', '2023-3-11', 'src/main/resources/static/contentText/꿈의 마법 세계.txt', 0, 4641);

INSERT INTO story_tb (book_id, user_id, number, type, title, upload_day, contents, cost, views) 
VALUES (23, 31, 1, '1화', '꿈의 마법 세계2', '2023-3-20', 'src/main/resources/static/contentText/꿈의 마법 세계2.txt', 200, 5932);

INSERT INTO story_tb (book_id, user_id, number, type, title, upload_day, contents, cost, views) 
VALUES (23, 31, 2, '2화', '첫 번째 시험', '2023-4-10', 'src/main/resources/static/contentText/첫 번째 시험.txt', 200, 3204);

INSERT INTO story_tb (book_id, user_id, number, type, title, upload_day, contents, cost, views) 
VALUES (23, 31, 3, '3화', '바람의 마법사와의 만남', '2023-5-20', 'src/main/resources/static/contentText/바람의 마법사와의 만남.txt', 200, 3817);
		 
-- 24

INSERT INTO book_tb (user_id, title, author_comment, author, category_id, genre_id, introduction, age, likes, serial_day, book_cover_image) 
VALUES (32, '세 계절 이야기', '세 자매의 계절 이야기', '작가 김', 2, 8, '세 자매의 계절을 겪으면서 생겨나는 힐링 스토리',
		 '15', 12, '월요일', 'cover/24.jpeg');
		 
		 	 INSERT INTO story_tb (book_id, user_id, number, type, title, upload_day, contents, cost, views) 
VALUES (24, 32, 0, '프롤로그', '봄', '2023-3-11', 'src/main/resources/static/contentText/꿈의 마법 세계.txt', 0, 1641);

INSERT INTO story_tb (book_id, user_id, number, type, title, upload_day, contents, cost, views) 
VALUES (24, 32, 1, '1화', '여름', '2023-3-20', 'src/main/resources/static/contentText/꿈의 마법 세계2.txt', 200, 332);

INSERT INTO story_tb (book_id, user_id, number, type, title, upload_day, contents, cost, views) 
VALUES (24, 32, 2, '2화', '가을', '2023-4-10', 'src/main/resources/static/contentText/첫 번째 시험.txt', 200, 204);

INSERT INTO story_tb (book_id, user_id, number, type, title, upload_day, contents, cost, views) 
VALUES (24, 32, 3, '3화', '그리고 겨울', '2023-5-20', 'src/main/resources/static/contentText/바람의 마법사와의 만남.txt', 200, 117);
-- 북태그
insert into book_tag_tb (book_id, tag_id) values (1,1);
insert into book_tag_tb (book_id, tag_id) values (1,2);
insert into book_tag_tb (book_id, tag_id) values (1,3);



 
-- 프로젝트 테이블 삽입
INSERT INTO project_tb (user_id, book_id, title, oneline_comment, contents, goal, date_end, staff_agree, project_successful)
VALUES (1, 1, '임시프로젝트타이틀1', '한줄 소개 1', '내용입니다', 20000, '2024-09-09', 'Y', 'N'),
       (2, 2, '임시프로젝트타이틀2', '한줄 소개 2', '내용입니다', 25000, '2024-09-20', 'Y', 'N'),
       (3, 3, '임시프로젝트타이틀3', '한줄 소개 3', '내용입니다', 40000, '2024-10-10', 'Y', 'N'),
       (4, 4, '임시프로젝트타이틀4', '한줄 소개 4', '내용입니다', 30000, '2024-09-05', 'Y', 'N'),
       (5, 5, '임시프로젝트타이틀5', '한줄 소개 5', '내용입니다', 10000, '2024-11-09', 'Y', 'N');

-- 리워드 테이블 삽입
INSERT INTO reward_tb (project_id, reward_content, reward_point)
VALUES 
(1, '프로젝트 1 리워드 내용', 10000),
(2, '프로젝트 2 리워드 내용', 15000),
(3, '프로젝트 3 리워드 내용', 20000),
(4, '프로젝트 4 리워드 내용', 25000),
(5, '프로젝트 5 리워드 내용', 30000);

-- 리워드 테이블 삽입
INSERT INTO reward_tb (project_id, reward_content, reward_point, reward_quantity)
VALUES 
(1, '프로젝트 1 리워드 내용', 10000, 1),
(2, '프로젝트 2 리워드 내용', 15000, 1),
(3, '프로젝트 3 리워드 내용1', 20000, 10),
(3, '프로젝트 3 리워드 내용2', 40000, 10),
(4, '프로젝트 4 리워드 내용', 25000, 1),
(5, '프로젝트 5 리워드 내용', 30000, 1);

-- funding_tb에 데이터 삽입
INSERT INTO funding_tb (user_id, reward_id, cancel_confirm, reward_quantity, zipcode, basic_address, detailed_address, extra_address)
VALUES 
(1, 1, 'N', 1, '12345', '부산시', '해운대구 우동 123번지', 'A동 101호'),
(2, 2, 'N', 1, '67890', '부산시', '수영구 민락동 456번지', 'B동 202호'),
(3, 3, 'N', 2, '23456', '부산시', '동래구 명륜동 789번지', 'C동 303호'),
(4, 4, 'N', 1, '34567', '부산시', '서구 암남동 101번지', 'D동 404호'),
(5, 5, 'N', 1, '45678', '부산시', '동구 초량동 123번지', 'E동 505호');  

INSERT INTO refund_request_tb (user_id, staff_id, payment_key, refund_amount, refund_reason, status, created_at, approved_at, rejected_at, point, method) 
VALUES 
(1, NULL, 'tviva20240913154802sCY46', 1000, '환불', 'PENDING', '2024-09-13 15:48:44.159782', NULL, NULL, 0, '간편결제'),
(2, NULL, 'tviva20240913154803sCY47', 2000, '제품 불만', 'PENDING', '2024-09-13 15:50:00.000000', NULL, NULL, 0, '간편결제'),
(3, NULL, 'tviva20240913154804sCY48', 1500, '배송 지연', 'PENDING', '2024-09-13 16:00:00.000000', NULL, NULL, 0, '간편결제'),
(4, NULL, 'tviva20240913154805sCY49', 2500, '오배송', 'PENDING', '2024-09-13 16:10:00.000000', NULL, NULL, 0, '간편결제'),
(1, 1, 'tviva20240913154806sCY50', 1000, '취소 요청', 'APPROVED', '2024-09-13 16:20:00.000000', '2024-09-13 17:00:00.000000', NULL, 0, '간편결제'),
(2, 1, 'tviva20240913154807sCY51', 3000, '상품 불만족', 'REJECTED', '2024-09-13 16:30:00.000000', NULL, '2024-09-13 18:00:00.000000', 0, '간편결제');

-- user_tb에서 랜덤한 user_id를 가져오되, view_day, view_month, view_year에 중복되지 않도록 설정
INSERT INTO book_views_rating_tb (book_id, view_year, view_month, view_day, views, rating, user_id)
SELECT 
    s.book_id,
    EXTRACT(YEAR FROM s.upload_day) AS view_year,     
    EXTRACT(MONTH FROM s.upload_day) AS view_month,    
    EXTRACT(DAY FROM s.upload_day) AS view_day,        
    s.views,                                           
    ROUND(1 + (RAND() * 4), 1) AS rating,              -- 1.0 ~ 5.0 사이의 랜덤 평점 생성 (소수점 한 자릿수까지)
    (SELECT u.user_id FROM user_tb u 
     WHERE NOT EXISTS (SELECT 1 FROM book_views_rating_tb bvr 
                       WHERE bvr.view_day = EXTRACT(DAY FROM s.upload_day) 
                       AND bvr.view_month = EXTRACT(MONTH FROM s.upload_day) 
                       AND bvr.view_year = EXTRACT(YEAR FROM s.upload_day) 
                       AND bvr.user_id = u.user_id)
     ORDER BY RAND() LIMIT 1) AS user_id              -- user_id 중복 방지
FROM
    story_tb s;

    INSERT INTO banner_tb (`title`, `image_path`) VALUES ('이미지1', 'banner/banner.jpg');

    INSERT INTO banner_tb (`title`, `image_path`) VALUES ('이미지2', 'banner/banner2.jpg');

-- 당일 유저당 조회
insert into book_views_rating_tb (book_id, view_year, view_month, view_day, views, rating, user_id)
values(1,YEAR(CURRENT_DATE),month(CURRENT_DATE),day(CURRENT_DATE),1,2.5,11);
insert into book_views_rating_tb (book_id, view_year, view_month, view_day, views, rating, user_id)
values(1,YEAR(CURRENT_DATE),month(CURRENT_DATE),day(CURRENT_DATE),1,3.5,17);
insert into book_views_rating_tb (book_id, view_year, view_month, view_day, views, rating, user_id)
values(1,YEAR(CURRENT_DATE),month(CURRENT_DATE),day(CURRENT_DATE),1,4.5,10);
insert into book_views_rating_tb (book_id, view_year, view_month, view_day, views, rating, user_id)
values(4,YEAR(CURRENT_DATE),month(CURRENT_DATE),day(CURRENT_DATE),1,3.5,15);
insert into book_views_rating_tb (book_id, view_year, view_month, view_day, views, rating, user_id)
values(4,YEAR(CURRENT_DATE),month(CURRENT_DATE),day(CURRENT_DATE),1,4.5,14);
insert into book_views_rating_tb (book_id, view_year, view_month, view_day, views, rating, user_id)
values(4,YEAR(CURRENT_DATE),month(CURRENT_DATE),day(CURRENT_DATE),1,1.5,13);
insert into book_views_rating_tb (book_id, view_year, view_month, view_day, views, rating, user_id)
values(5,YEAR(CURRENT_DATE),month(CURRENT_DATE),day(CURRENT_DATE),1,2.5,23);
insert into book_views_rating_tb (book_id, view_year, view_month, view_day, views, rating, user_id)
values(5,YEAR(CURRENT_DATE),month(CURRENT_DATE),day(CURRENT_DATE),1,3,21);
insert into book_views_rating_tb (book_id, view_year, view_month, view_day, views, rating, user_id)
values(5,YEAR(CURRENT_DATE),month(CURRENT_DATE),day(CURRENT_DATE),1,4.5,20);
insert into book_views_rating_tb (book_id, view_year, view_month, view_day, views, rating, user_id)
values(11,YEAR(CURRENT_DATE),month(CURRENT_DATE),day(CURRENT_DATE),1,2.5,27);
insert into book_views_rating_tb (book_id, view_year, view_month, view_day, views, rating, user_id)
values(11,YEAR(CURRENT_DATE),month(CURRENT_DATE),day(CURRENT_DATE),1,3.5,24);
insert into book_views_rating_tb (book_id, view_year, view_month, view_day, views, rating, user_id)
values(11,YEAR(CURRENT_DATE),month(CURRENT_DATE),day(CURRENT_DATE),1,2.5,16);
insert into book_views_rating_tb (book_id, view_year, view_month, view_day, views, rating, user_id)
values(1,YEAR(CURRENT_DATE),month(CURRENT_DATE),day(CURRENT_DATE),1,3.5,19);
insert into book_views_rating_tb (book_id, view_year, view_month, view_day, views, rating, user_id)
values(15,YEAR(CURRENT_DATE),month(CURRENT_DATE),day(CURRENT_DATE),1,2.5,9);


-- 펀딩 히스토리 테이블 삽입
INSERT INTO funding_history_tb (project_id)
VALUES (1), (2), (3), (4), (5);

-- 결제 테이블 샘플데이터 
INSERT INTO `account_history_tb` 
(`user_id`, `deposit`, `point`, `after_balance`, `payment_key`, `status`, `refund_reason`)
VALUES 
(1, 100000, 5000, 105000, 'pay_key_001', 'PENDING', 'No refund reason');


INSERT INTO `account_history_tb` 
(`user_id`, `deposit`, `point`, `after_balance`, `payment_key`, `status`, `refund_reason`)
VALUES 
(2, 150000, 7500, 157500, 'pay_key_002', 'APPROVED', NULL);

INSERT INTO `account_history_tb` 
(`user_id`, `deposit`, `point`, `after_balance`, `payment_key`, `status`, `refund_reason`)
VALUES 
(3, 200000, 10000, 210000, 'pay_key_003', 'REJECTED', 'Insufficient funds');


INSERT INTO `account_history_tb` 
(`user_id`, `deposit`, `point`, `after_balance`, `payment_key`, `status`, `refund_reason`)
VALUES 
(4, 50000, 2500, 52500, 'pay_key_004', 'PENDING', 'No refund reason');


INSERT INTO `account_history_tb` 
(`user_id`, `deposit`, `point`, `after_balance`, `payment_key`, `status`, `refund_reason`)
VALUES 
(5, 300000, 15000, 315000, 'pay_key_005', 'APPROVED', NULL);

INSERT INTO `user_alert_list_tb` (`alert_content`) VALUES 
('비속어 사용 경고'),
('도배 행위 경고'),
('부적절한 내용 경고'),
('스팸 행위 경고'),
('기타 경고');

INSERT INTO `user_alert_history_tb` (`alert_id`, `user_id`, `period_date`) VALUES 
(1, 1, '2024-09-01'),
(2, 2, '2024-09-05'),
(3, 3, '2024-09-10'),
(4, 4, '2024-09-12'),
(5, 5, '2024-09-15');

INSERT INTO `report_tb` (`alert_id`, `user_id`, `report_user_id`, `project_id`, `book_id`, `period_content`, `processing`) VALUES 
(1, 1, 2, NULL, 1, '부적절한 리뷰 작성으로 신고합니다.', 'N'),
(2, 2, 3, 1, NULL, '도배로 인한 신고입니다.', 'N'),
(3, 3, 4, NULL, 2, '부적절한 게시물로 신고합니다.', 'Y'),
(4, 4, 5, 2, NULL, '스팸 행위로 신고합니다.', 'Y'),
(5, 5, 1, NULL, 3, '기타 이유로 신고합니다.', 'N');

INSERT INTO `report_history_tb` (`report_id`, `user_id`, `alert_id`, `period_days`) VALUES 
(3, 1, 3, 7),
(4, 2, 4, 0);
