
insert into user_tb (nick_name, phone_number, email, password)
values( '박정훈1', '010-4548-5678', 'test@test.com', '$2a$10$Y1mXaXaj5Y2m.IJkH58IwOZF8SSctsvP37WTrp82ambaSeSEyxZwe');

insert into user_tb (nick_name, phone_number, email, password)
values( '정해주', '010-4548-5678', 'test1@naver.com', '$2a$10$Y1mXaXaj5Y2m.IJkH58IwOZF8SSctsvP37WTrp82ambaSeSEyxZwe');

-- 관리자 ID------------------------- 3~6
insert into user_tb (nick_name, phone_number, email, password, role)
values( '관리자해주', '010-1234-5678', 't1@naver.com', '$2a$10$Y1mXaXaj5Y2m.IJkH58IwOZF8SSctsvP37WTrp82ambaSeSEyxZwe', 'admin');
insert into user_tb (nick_name, phone_number, email, password, role)
values( '관리자1', '010-1111-2222', 'admin@naver.com', '$2a$10$Y1mXaXaj5Y2m.IJkH58IwOZF8SSctsvP37WTrp82ambaSeSEyxZwe', 'admin');
insert into user_tb (nick_name, phone_number, email, password, role)
values( '관리자2', '010-2222-3333', 'admin2@naver.com', '$2a$10$Y1mXaXaj5Y2m.IJkH58IwOZF8SSctsvP37WTrp82ambaSeSEyxZwe', 'admin');
insert into user_tb (nick_name, phone_number, email, password, role)
values( '관리자박정훈', '010-4548-5678', 'test3@naver.com', '$2a$10$Y1mXaXaj5Y2m.IJkH58IwOZF8SSctsvP37WTrp82ambaSeSEyxZwe', 'admin');
-- ---------------------------------

INSERT INTO user_tb (nick_name, phone_number, email, password)
VALUES ('사용자1', '010-1000-0001', 'user1@example.com', '$2a$10$Y1mXaXaj5Y2m.IJkH58IwOZF8SSctsvP37WTrp82ambaSeSEyxZwe');
INSERT INTO user_tb (nick_name, phone_number, email, password)
VALUES ('사용자2', '010-1000-0002', 'user2@example.com', '$2a$10$Y1mXaXaj5Y2m.IJkH58IwOZF8SSctsvP37WTrp82ambaSeSEyxZwe');
INSERT INTO user_tb (nick_name, phone_number, email, password)
VALUES ('사용자3', '010-1000-0003', 'user3@example.com', '$2a$10$Y1mXaXaj5Y2m.IJkH58IwOZF8SSctsvP37WTrp82ambaSeSEyxZwe');
INSERT INTO user_tb (nick_name, phone_number, email, password)
VALUES ('사용자4', '010-1000-0004', 'user4@example.com', '$2a$10$Y1mXaXaj5Y2m.IJkH58IwOZF8SSctsvP37WTrp82ambaSeSEyxZwe');
INSERT INTO user_tb (nick_name, phone_number, email, password)
VALUES ('사용자5', '010-1000-0005', 'user5@example.com', '$2a$10$Y1mXaXaj5Y2m.IJkH58IwOZF8SSctsvP37WTrp82ambaSeSEyxZwe');
INSERT INTO user_tb (nick_name, phone_number, email, password)
VALUES ('사용자6', '010-1000-0006', 'user6@example.com', '$2a$10$Y1mXaXaj5Y2m.IJkH58IwOZF8SSctsvP37WTrp82ambaSeSEyxZwe');
INSERT INTO user_tb (nick_name, phone_number, email, password)
VALUES ('사용자7', '010-1000-0007', 'user7@example.com', '$2a$10$Y1mXaXaj5Y2m.IJkH58IwOZF8SSctsvP37WTrp82ambaSeSEyxZwe');
INSERT INTO user_tb (nick_name, phone_number, email, password)
VALUES ('사용자8', '010-1000-0008', 'user8@example.com', '$2a$10$Y1mXaXaj5Y2m.IJkH58IwOZF8SSctsvP37WTrp82ambaSeSEyxZwe');
INSERT INTO user_tb (nick_name, phone_number, email, password)
VALUES ('사용자9', '010-1000-0009', 'user9@example.com', '$2a$10$Y1mXaXaj5Y2m.IJkH58IwOZF8SSctsvP37WTrp82ambaSeSEyxZwe');
INSERT INTO user_tb (nick_name, phone_number, email, password)
VALUES ('사용자10', '010-1000-0010', 'user10@example.com', '$2a$10$Y1mXaXaj5Y2m.IJkH58IwOZF8SSctsvP37WTrp82ambaSeSEyxZwe');
INSERT INTO user_tb (nick_name, phone_number, email, password)
VALUES ('사용자11', '010-1000-0011', 'user11@example.com', '$2a$10$Y1mXaXaj5Y2m.IJkH58IwOZF8SSctsvP37WTrp82ambaSeSEyxZwe');
INSERT INTO user_tb (nick_name, phone_number, email, password)
VALUES ('사용자12', '010-1000-0012', 'user12@example.com', '$2a$10$Y1mXaXaj5Y2m.IJkH58IwOZF8SSctsvP37WTrp82ambaSeSEyxZwe');
INSERT INTO user_tb (nick_name, phone_number, email, password)
VALUES ('사용자13', '010-1000-0013', 'user13@example.com', '$2a$10$Y1mXaXaj5Y2m.IJkH58IwOZF8SSctsvP37WTrp82ambaSeSEyxZwe');
INSERT INTO user_tb (nick_name, phone_number, email, password)
VALUES ('사용자14', '010-1000-0014', 'user14@example.com', '$2a$10$Y1mXaXaj5Y2m.IJkH58IwOZF8SSctsvP37WTrp82ambaSeSEyxZwe');
INSERT INTO user_tb (nick_name, phone_number, email, password)
VALUES ('사용자15', '010-1000-0015', 'user15@example.com', '$2a$10$Y1mXaXaj5Y2m.IJkH58IwOZF8SSctsvP37WTrp82ambaSeSEyxZwe');
INSERT INTO user_tb (nick_name, phone_number, email, password)
VALUES ('사용자16', '010-1000-0016', 'user16@example.com', '$2a$10$Y1mXaXaj5Y2m.IJkH58IwOZF8SSctsvP37WTrp82ambaSeSEyxZwe');
INSERT INTO user_tb (nick_name, phone_number, email, password)
VALUES ('사용자17', '010-1000-0017', 'user17@example.com', '$2a$10$Y1mXaXaj5Y2m.IJkH58IwOZF8SSctsvP37WTrp82ambaSeSEyxZwe');
INSERT INTO user_tb (nick_name, phone_number, email, password)
VALUES ('사용자18', '010-1000-0018', 'user18@example.com', '$2a$10$Y1mXaXaj5Y2m.IJkH58IwOZF8SSctsvP37WTrp82ambaSeSEyxZwe');
INSERT INTO user_tb (nick_name, phone_number, email, password)
VALUES ('사용자19', '010-1000-0019', 'user19@example.com', '$2a$10$Y1mXaXaj5Y2m.IJkH58IwOZF8SSctsvP37WTrp82ambaSeSEyxZwe');
INSERT INTO user_tb (nick_name, phone_number, email, password)
VALUES ('사용자20', '010-1000-0020', 'user20@example.com', '$2a$10$Y1mXaXaj5Y2m.IJkH58IwOZF8SSctsvP37WTrp82ambaSeSEyxZwe');
INSERT INTO user_tb (nick_name, phone_number, email, password)
VALUES ('사용자21', '010-1000-0021', 'user21@example.com', '$2a$10$Y1mXaXaj5Y2m.IJkH58IwOZF8SSctsvP37WTrp82ambaSeSEyxZwe');
INSERT INTO user_tb (nick_name, phone_number, email, password)
VALUES ('사용자22', '010-1000-0022', 'user22@example.com', '$2a$10$Y1mXaXaj5Y2m.IJkH58IwOZF8SSctsvP37WTrp82ambaSeSEyxZwe');
INSERT INTO user_tb (nick_name, phone_number, email, password)
VALUES ('사용자23', '010-1000-0023', 'user23@example.com', '$2a$10$Y1mXaXaj5Y2m.IJkH58IwOZF8SSctsvP37WTrp82ambaSeSEyxZwe');
INSERT INTO user_tb (nick_name, phone_number, email, password)
VALUES ('사용자24', '010-1000-0024', 'user24@example.com', '$2a$10$Y1mXaXaj5Y2m.IJkH58IwOZF8SSctsvP37WTrp82ambaSeSEyxZwe');
INSERT INTO user_tb (nick_name, phone_number, email, password)
VALUES ('사용자25', '010-1000-0025', 'user25@example.com', '$2a$10$Y1mXaXaj5Y2m.IJkH58IwOZF8SSctsvP37WTrp82ambaSeSEyxZwe');
INSERT INTO user_tb (nick_name, phone_number, email, password)
VALUES ('사용자26', '010-1000-0026', 'user26@example.com', '$2a$10$Y1mXaXaj5Y2m.IJkH58IwOZF8SSctsvP37WTrp82ambaSeSEyxZwe');
INSERT INTO user_tb (nick_name, phone_number, email, password)
VALUES ('사용자27', '010-1000-0027', 'user27@example.com', '$2a$10$Y1mXaXaj5Y2m.IJkH58IwOZF8SSctsvP37WTrp82ambaSeSEyxZwe');
INSERT INTO user_tb (nick_name, phone_number, email, password)
VALUES ('사용자28', '010-1000-0028', 'user28@example.com', '$2a$10$Y1mXaXaj5Y2m.IJkH58IwOZF8SSctsvP37WTrp82ambaSeSEyxZwe');
INSERT INTO user_tb (nick_name, phone_number, email, password)
VALUES ('사용자29', '010-1000-0029', 'user29@example.com', '$2a$10$Y1mXaXaj5Y2m.IJkH58IwOZF8SSctsvP37WTrp82ambaSeSEyxZwe');
INSERT INTO user_tb (nick_name, phone_number, email, password)
VALUES ('사용자30', '010-1000-0030', 'user30@example.com', '$2a$10$Y1mXaXaj5Y2m.IJkH58IwOZF8SSctsvP37WTrp82ambaSeSEyxZwe');
-- 유저 디테일 
insert into user_de_tb (user_id,point ) values( 1, 1000);
INSERT INTO user_de_tb (user_id, point) VALUES (2, 250);
INSERT INTO user_de_tb (user_id, point) VALUES (3, 99999999);
INSERT INTO user_de_tb (user_id, point) VALUES (4, 99999999);
INSERT INTO user_de_tb (user_id, point) VALUES (5, 99999999);
INSERT INTO user_de_tb (user_id, point) VALUES (6, 99999999);
INSERT INTO user_de_tb (user_id, point) VALUES (7, 750);
INSERT INTO user_de_tb (user_id, point) VALUES (8, 850);
INSERT INTO user_de_tb (user_id, point) VALUES (9, 950);
INSERT INTO user_de_tb (user_id, point) VALUES (10, 1050);
INSERT INTO user_de_tb (user_id, point) VALUES (11, 1150);
INSERT INTO user_de_tb (user_id, point) VALUES (12, 1250);
INSERT INTO user_de_tb (user_id, point) VALUES (13, 1350);
INSERT INTO user_de_tb (user_id, point) VALUES (14, 1450);
INSERT INTO user_de_tb (user_id, point) VALUES (15, 1550);
INSERT INTO user_de_tb (user_id, point) VALUES (16, 1650);
INSERT INTO user_de_tb (user_id, point) VALUES (17, 1750);
INSERT INTO user_de_tb (user_id, point) VALUES (18, 1850);
INSERT INTO user_de_tb (user_id, point) VALUES (19, 1950);
INSERT INTO user_de_tb (user_id, point) VALUES (20, 2000);
INSERT INTO user_de_tb (user_id, point) VALUES (21, 1900);
INSERT INTO user_de_tb (user_id, point) VALUES (22, 1800);
INSERT INTO user_de_tb (user_id, point) VALUES (23, 1700);
INSERT INTO user_de_tb (user_id, point) VALUES (24, 1600);
INSERT INTO user_de_tb (user_id, point) VALUES (25, 1500);
INSERT INTO user_de_tb (user_id, point) VALUES (26, 1400);
INSERT INTO user_de_tb (user_id, point) VALUES (27, 1300);
INSERT INTO user_de_tb (user_id, point) VALUES (28, 1200);
INSERT INTO user_de_tb (user_id, point) VALUES (29, 1100);


-- 경고 테이블
INSERT INTO user_alert_list_tb ( alert_content) VALUES ( '준수 afk 왜캐못함');
INSERT INTO user_alert_list_tb ( alert_content) VALUES ( '준수야 일어나라');
INSERT INTO user_alert_list_tb ( alert_content) VALUES ( '준수 신발밑창 껌붙음');
INSERT INTO user_alert_list_tb ( alert_content) VALUES ( '준수 료키 텐카이');
INSERT INTO user_alert_list_tb ( alert_content) VALUES ( '준수 범부 그자체');




-- 경고 히스토리 테이블
INSERT INTO user_alert_history_tb ( alert_id,user_id,period_date) VALUES ( 1,20,'2024-09-15');
INSERT INTO user_alert_history_tb ( alert_id,user_id,period_date) VALUES ( 2,15,'2024-09-20');
INSERT INTO user_alert_history_tb ( alert_id,user_id,period_date) VALUES ( 3,17,'2024-09-25');
INSERT INTO user_alert_history_tb ( alert_id,user_id,period_date) VALUES ( 4,24,'2024-10-01');
INSERT INTO user_alert_history_tb ( alert_id,user_id,period_date) VALUES ( 5,28,'2024-10-05');

INSERT INTO `event_tb` (
    `event_title`, `event_content`, `start_day`, `end_day`, `user_id`
) VALUES (
    '회원가입 웰컴 반값 이벤트', '회원가입 후 첫 코인 구매 시 50% 할인 혜택을 제공합니다.', 
    '2024-09-01', 
    '2024-12-31', 
    4  -- user_tb에서 user_id 101번 사용자가 이벤트를 관리
);
INSERT INTO `event_tb` (
    `event_title`, `event_content`, `start_day`, `end_day`, `user_id`
) VALUES (
    '회원가입 웰컴 반값 이벤트', 
    '회원가입 후 첫 코인 구매 시 50% 할인 혜택을 제공합니다.', 
    '2024-09-01', 
    '2024-12-31',
    5 -- user_tb에서 user_id 101번 사용자가 이벤트를 관리
);
INSERT INTO `event_tb` (
    `event_title`, `event_content`, `start_day`, `end_day`, `user_id`
) VALUES (
    '회원가입 웰컴 반값 이벤트', 
    '회원가입 후 첫 코인 구매 시 50% 할인 혜택을 제공합니다.', 
    '2024-09-01', 
    '2024-12-31',
    6  -- user_tb에서 user_id 101번 사용자가 이벤트를 관리
);
INSERT INTO `event_tb` (
    `event_title`, `event_content`, `start_day`, `end_day`, `user_id`
) VALUES (
    '회원가입 웰컴 반값 이벤트', 
    '회원가입 후 첫 코인 구매 시 50% 할인 혜택을 제공합니다.', 
    '2024-09-01', 
    '2024-12-31',
    3  -- user_tb에서 user_id 101번 사용자가 이벤트를 관리
);




-- 카테고리 테이블에 데이터 삽입
insert into category_tb (category_id, category_name) values (1, '문학');
insert into category_tb (category_id, category_name) values (2, '시/에세이');
insert into category_tb (category_id, category_name) values (3, '소설');




insert into notice_tb (user_id, notice_title, notice_content, comment, created_at) values 
(3, '공지사항 제목 1', '공지사항 내용 1입니다.', '첫 번째 공지에 대한 코멘트입니다.', NOW()),
(4, '공지사항 제목 2', '공지사항 내용 2입니다.', '두 번째 공지에 대한 코멘트입니다.', NOW()),
(5, '공지사항 제목 3', '공지사항 내용 3입니다.', '세 번째 공지에 대한 코멘트입니다.', NOW()),
(6, '공지사항 제목 4', '공지사항 내용 4입니다.', '네 번째 공지에 대한 코멘트입니다.', NOW()),
(3, '공지사항 제목 1', '공지사항 내용 1입니다.', '첫 번째 공지에 대한 코멘트입니다.', NOW()),
(4, '공지사항 제목 2', '공지사항 내용 2입니다.', '두 번째 공지에 대한 코멘트입니다.', NOW()),
(5, '공지사항 제목 3', '공지사항 내용 3입니다.', '세 번째 공지에 대한 코멘트입니다.', NOW()),
(6, '공지사항 제목 4', '공지사항 내용 4입니다.', '네 번째 공지에 대한 코멘트입니다.', NOW()),
(3, '공지사항 제목 1', '공지사항 내용 1입니다.', '첫 번째 공지에 대한 코멘트입니다.', NOW()),
(4, '공지사항 제목 2', '공지사항 내용 2입니다.', '두 번째 공지에 대한 코멘트입니다.', NOW()),
(5, '공지사항 제목 3', '공지사항 내용 3입니다.', '세 번째 공지에 대한 코멘트입니다.', NOW()),
(6, '공지사항 제목 4', '공지사항 내용 4입니다.', '네 번째 공지에 대한 코멘트입니다.', NOW()),
(3, '공지사항 제목 1', '공지사항 내용 1입니다.', '첫 번째 공지에 대한 코멘트입니다.', NOW()),
(4, '공지사항 제목 2', '공지사항 내용 2입니다.', '두 번째 공지에 대한 코멘트입니다.', NOW()),
(5, '공지사항 제목 3', '공지사항 내용 3입니다.', '세 번째 공지에 대한 코멘트입니다.', NOW()),
(6, '공지사항 제목 4', '공지사항 내용 4입니다.', '네 번째 공지에 대한 코멘트입니다.', NOW()),
(3, '공지사항 제목 1', '공지사항 내용 1입니다.', '첫 번째 공지에 대한 코멘트입니다.', NOW()),
(4, '공지사항 제목 2', '공지사항 내용 2입니다.', '두 번째 공지에 대한 코멘트입니다.', NOW()),
(5, '공지사항 제목 3', '공지사항 내용 3입니다.', '세 번째 공지에 대한 코멘트입니다.', NOW()),
(6, '공지사항 제목 4', '공지사항 내용 4입니다.', '네 번째 공지에 대한 코멘트입니다.', NOW()),
(3, '공지사항 제목 5', '공지사항 내용 5입니다.', '다섯 번째 공지에 대한 코멘트입니다.', NOW());

insert into qna_tb (user_id, title, question_content, created_at) values 
(1, '질문1', '제이름은 명기입니다.', NOW()),
(2, '질문2', '제이름은 명기입니다..', NOW()),
(1, '질문3', '제이름은 명기입니다.', NOW()),
(2, '질문4', '제이름은 명기입니다..', NOW()),
(1, '질문3', '제이름은 명기입니다.', NOW()),
(2, '질문4', '제이름은 명기입니다..', NOW()),
(1, '질문3', '제이름은 명기입니다.', NOW()),
(2, '질문4', '제이름은 명기입니다..', NOW()),
(1, '질문3', '제이름은 명기입니다.', NOW()),
(2, '질문4', '제이름은 명기입니다..', NOW()),
(1, '질문3', '제이름은 명기입니다.', NOW()),
(2, '질문4', '제이름은 명기입니다..', NOW()),
(1, '질문3', '제이름은 명기입니다.', NOW()),
(2, '질문4', '제이름은 명기입니다..', NOW()),
(1, '질문3', '제이름은 명기입니다.', NOW()),
(2, '질문4', '제이름은 명기입니다..', NOW()),
(1, '질문3', '제이름은 명기입니다.', NOW()),
(2, '질문4', '제이름은 명기입니다..', NOW()),
(1, '질문3', '제이름은 명기입니다.', NOW()),
(2, '질문4', '제이름은 명기입니다..', NOW()),
(1, '질문3', '제이름은 명기입니다.', NOW()),
(2, '질문4', '제이름은 명기입니다..', NOW()),
(1, '질문3', '제이름은 명기입니다.', NOW()),
(1, '질문3', '제이름은 명기입니다.', NOW()),
(2, '질문4', '제이름은 명기입니다..', NOW()),
(2, '질문4', '제이름은 명기입니다..', NOW()),
(1, '질문5', '제이름은 명기입니다..', NOW());





		
-- 장르 테이블에 데이터 삽입
insert into genre_tb (genre_id, genre_name) values (1, '추리');
insert into genre_tb (genre_id, genre_name) values (2, '스릴러');
insert into genre_tb (genre_id, genre_name) values (3, '공포');
insert into genre_tb (genre_id, genre_name) values (4, '과학');
insert into genre_tb (genre_id, genre_name) values (5, '판타지');
insert into genre_tb (genre_id, genre_name) values (6, '무협');
INSERT INTO genre_tb (genre_id, genre_name) VALUES (7, '로맨스');
INSERT INTO genre_tb (genre_id, genre_name) VALUES (8, '드라마');
INSERT INTO genre_tb (genre_id, genre_name) VALUES (9, '코미디');
INSERT INTO genre_tb (genre_id, genre_name) VALUES (10, '역사');
INSERT INTO genre_tb (genre_id, genre_name) VALUES (11, '모험');

-- 태그 테이블에 데이터 삽입
insert into tag_tb (tag_id, tag_name) values (1, '판타지');
insert into tag_tb (tag_id, tag_name) values (2, '공포');
insert into tag_tb (tag_id, tag_name) values (3, '추리');

-- 북테이블 생성
insert into book_tb (user_id, title, author_comment, author, category_id, genre_id, introduction, age,views,likes,serial_day,
					book_cover_image) 
values (1, '테스트하기1', '줄거리테스트1', '작가테스트1', '1', '1', '소개글1','19',220,15,'월요일','/images/cover/1');

insert into book_tb (user_id,title,author_comment,author,category_id , genre_id,
            introduction,age,book_cover_image) 
			values(2,'테스트하기2','줄거리테스트2','작가테스트2', '1', '1','소개글2', '15','');
            
INSERT INTO book_tb (user_id, title, author_comment, author, category_id, genre_id, introduction, age,views,likes,serial_day,book_cover_image) 
VALUES (12, '신비의 연금술사와 황금의 약속', '연금술과 판타지 모험의 세계를 그린 소설', '작가 B', 3, 5, '잃어버린 여동생을 찾기 위해 다른 세계로 모험을 떠나는 청년의 이야기', '19',450,25,'화요일','');


insert into book_tag_tb (book_id, tag_id) values (1,1);
insert into book_tag_tb (book_id, tag_id) values (1,2);
insert into book_tag_tb (book_id, tag_id) values (1,3);


-- 스토리 테이블 생성
insert into story_tb (book_id,user_id,number,type,title,upload_day,contents)
					values(1,1,1,'프롤로그','뜻밖의 알바 면접','2000-05-03',
                    '서울의 한복판, 흔한 골목길 모퉁이에 위치한 작은 편의점. 낮에는 그저 그런 편의점이지만, 밤이 되면 그곳은 마법의 입구가 된다. 바로 ‘미라클 마트’였다.

김도현은 대학교를 휴학하고 아르바이트를 구하던 중 우연히 그 편의점 앞을 지나쳤다. 창문에는 "야간 알바 급구! 고수익 보장!"이라는 광고가 붙어 있었다. 밤새워 게임하느라 주야가 바뀐 도현에게 야간 알바는 안성맞춤이었다.

“여긴 어디서 많이 본 것 같기도 하고…”

도현은 문을 열고 들어갔다. 그와 동시에 뒤에서 갑자기 문이 쾅 닫히며 주변의 공기가 바뀌었다. 편의점은 이전과 완전히 다른 모습이었다. 형형색색의 마법의 불빛들이 천장에 떠 있었고, 진열대에는 알 수 없는 포션과 마법 책들이 즐비했다.

“어, 어어?” 도현은 눈을 크게 뜨고 주변을 둘러보았다. "여기가 정말 편의점 맞아?"

그때, 카운터 뒤에서 한 소녀가 나타났다. 긴 푸른 머리에 큰 안경을 쓴 소녀는 환하게 웃으며 도현을 맞이했다.

“어서 오세요! ‘미라클 마트’에 오신 걸 환영해요! 저는 매니저, 루나라고 합니다.”

도현은 놀라 눈을 깜빡였다. “매니저요? 저… 야간 알바 구한다고 해서 왔는데요.”

“그럼요! 잘 오셨어요. 사실 저희 마트는 그냥 마트가 아니거든요. 여기는 인간 세계와 마법 세계를 잇는 중요한 중계지점이랍니다.”

도현은 귀를 의심했다. “마법 세계요? 저기, 장난치시는 건 아니죠?”

루나는 도현을 쳐다보며 미소 지었다. “한번 경험해 보실래요? 마법 세계로의 입구는 항상 열려 있으니까요. 대신 조건이 하나 있어요.”

“무슨 조건이죠?”

“여기서 알바를 하는 동안 마법 세계의 규칙을 따라야 해요. 그리고…” 루나는 의미심장한 미소를 지으며 말을 이었다. “당신도 마법을 사용할 수 있게 될 거예요.”

도현은 믿을 수 없다는 표정으로 루나를 바라보았다. 그러나 그의 마음 속에서는 이상하게도 호기심이 점점 커져만 갔다. "마법을... 쓸 수 있다고요? 진짜로?"

“네, 진짜로요. 그리고 아주 좋은 보수도 보장되죠.” 루나는 작고 예쁜 지갑을 꺼내 보여주었다. 그 안에는 눈부신 금화가 가득했다.

도현은 잠시 고민했지만, 결국 결심했다. "좋아요, 해볼게요. 대신, 정말 장난치는 거라면… 나중에 웃지 마세요!"

루나는 깜찍하게 웃으며 손을 내밀었다. “잘 오셨어요, 김도현 씨. 이제부터 당신은 ‘미라클 마트’의 야간 아르바이트생입니다. 그리고 이건 저의 첫 번째 주문입니다.”

도현은 어리둥절한 표정으로 물었다. “첫 번째 주문이요?”

루나는 손가락을 튕기며 주문서를 건네주었다. “마법 세계의 손님이 주문한 물건을 찾아주세요. 이 주문이 끝나면 당신도 첫 번째 마법을 배우게 될 거예요!”

도현은 얼떨결에 주문서를 받았다. 주문서에는 생소한 이름들이 적혀 있었고, 그 중 하나가 눈에 들어왔다.

"용의 비늘 티백"

“잠깐만요, 용의 비늘을 어디서 찾죠?”

루나는 웃으며 대답했다. “그건 바로 당신이 알아내야 할 일이죠. 미라클 마트에는 불가능이란 없답니다!”

도현은 한숨을 쉬며 고개를 끄덕였다. "좋아, 해보자고!"

그리하여 김도현의 첫 번째 마법 알바가 시작되었다. 그의 새로운 일상은 예상치 못한 모험과 마법으로 가득 차게 될 것이었다.

도현은 처음으로 받은 주문서를 들고 천천히 매장을 둘러보았다. 용의 비늘 티백이라니, 어디서부터 시작해야 할지 감이 오지 않았다. 매장은 그가 전에 알던 편의점과는 완전히 달랐다. 일반적인 상품들은 사라지고, 대신 기이하고 신비로운 물건들이 빽빽이 진열되어 있었다. 

“이걸 어떻게 찾지…?” 도현은 혼잣말을 하며 주문서를 들여다보았다. 그런데, 갑자기 주문서에 적힌 글자가 반짝이더니 천천히 공중으로 떠올랐다. “이게 뭐지?”

글자가 빛을 내며 공중에서 하나의 화살표 모양으로 변하더니, 도현을 이끌듯 앞으로 나아가기 시작했다. "와, 대단한데?" 도현은 이내 그 화살표를 따라 걷기 시작했다.

화살표는 마트의 깊숙한 곳, 어두운 구석으로 도현을 안내했다. 그곳에는 작은 문이 하나 있었다. 문을 열자, 도현은 깜짝 놀랐다. 그 문 너머에는 마트의 크기와는 전혀 어울리지 않는 거대한 동굴이 펼쳐져 있었다. 동굴의 벽에는 형형색색의 보석들이 박혀 있었고, 바닥에는 부드러운 이끼가 깔려 있었다.

“여긴 대체…” 도현이 말을 마치기도 전에, 동굴 안에서 무언가 꿈틀거리는 소리가 들렸다. 도현은 조심스럽게 발걸음을 옮겨 소리의 근원으로 다가갔다. 거기에는 작은 용 한 마리가 있었다. 그러나 그 용은 도현이 생각했던 무시무시한 괴물이 아니었다. 오히려 앙증맞은 크기에 커다란 눈을 가진 귀여운 모습이었다.

“너 혹시… 용의 비늘 티백을 가지고 있니?” 도현은 조심스럽게 물었다.

작은 용은 고개를 끄덕이며 날개를 펼쳤다. 그리고는 자신의 꼬리에서 반짝이는 비늘 하나를 떼어내 도현에게 건넸다. 비늘은 작고 투명한 주머니에 담겨 있었는데, 그 안에는 신비로운 향이 나는 가루가 담겨 있었다. 그것이 바로 용의 비늘 티백이었다.

“고맙다!” 도현은 웃으며 용에게 인사를 하고 다시 마트로 돌아왔다.

카운터로 돌아오자 루나가 그를 반겨주었다. “잘했어요! 이제 첫 번째 주문을 완수했군요.”

도현은 티백을 루나에게 건네주며 물었다. “이제 나도 마법을 배울 수 있는 건가요?”

루나는 고개를 끄덕이며 도현에게 작은 마법서를 건네주었다. “여기 있어요. 이것은 당신의 첫 번째 마법입니다. 아주 기본적인 것이지만, 중요한 시작이죠.”

도현은 마법서를 받아 들고, 책장을 넘겼다. 첫 장에는 ‘소환의 불빛’이라는 제목이 적혀 있었다.

“이 마법은 무엇을 소환하는 거죠?” 도현이 물었다.

“작은 빛을 소환하는 마법이에요. 어두운 곳에서 길을 찾거나, 위급한 상황에서 사용할 수 있죠. 이제 이걸 배워보세요.”

도현은 잠시 망설였지만, 이내 호기심에 이끌려 마법서를 읽기 시작했다. 책에 적힌 대로 손가락을 움직이며 주문을 외우자, 그의 손끝에서 작은 빛이 피어났다. 처음에는 약한 빛이었지만, 도현이 집중할수록 빛은 점점 강해졌다.

“이게 정말… 내가 마법을 쓴 거라고?” 도현은 믿을 수 없다는 듯이 손끝의 빛을 바라보았다.

“축하해요, 도현 씨. 이제부터 당신은 마법을 사용할 수 있는 사람이에요.” 루나가 웃으며 말했다. “하지만 기억하세요, 마법은 책임이 따르는 힘이에요. 그리고 이 마트에서 일하는 동안 당신은 더 많은 마법을 배우게 될 거예요.”

도현은 조금 두려웠지만, 동시에 가슴이 두근거렸다. 앞으로 어떤 모험이 기다리고 있을지, 도무지 알 수 없었기 때문이다.

“그럼, 이제 다음 주문을 받아볼까요?” 루나가 새로운 주문서를 건네며 말했다.

도현은 새로운 주문서를 받아 들고 미소를 지었다. 그는 이제 단순한 아르바이트생이 아니었다. 미라클 마트의 야간 근무를 통해 마법의 세계로 들어선 모험가가 된 것이다. 그리고 그의 이야기는 이제 막 시작되었다.');

INSERT INTO story_tb (book_id, user_id, number, type, title, upload_day,views, contents)
VALUES (2, 2,1 , '프롤로그', '테스트','2024-09-01',200,'테스트용');
INSERT INTO story_tb (book_id, user_id, number, type, title, upload_day,views, contents)
VALUES (3, 12, 1, '프롤로그', '신비의 연금술사와 황금의 약속 - 프롤로그', '2010-10-15',20,
    '중세의 한 작은 마을, 알테아. 이곳은 평화롭지만, 그 밑바닥에는 숨겨진 비밀이 있다. 마을 한가운데에 자리 잡은 낡은 연금술사 상점, ‘마도연’. 마을 사람들은 이 상점을 신비롭게 여겼고, 그곳의 주인인 연금술사 라이너스는 미스터리한 인물로 통했다. 사람들은 그를 피했고, 라이너스도 사람들과의 접촉을 피했다.

그러던 어느 날, 이 마을에 한 청년이 찾아온다. 그의 이름은 테오. 테오는 마을 사람들의 우려를 무시하고 "마도연"의 문을 두드린다. 그가 이곳을 찾은 이유는 어릴 적 잃어버린 여동생 때문이었다. 여동생이 사라지기 전, 마지막으로 이곳을 방문했다는 단서가 있었기 때문이다.

문이 열리고, 라이너스는 그를 맞이한다. 라이너스는 마을 사람들이 두려워하는 모습과는 달리 온화한 표정을 짓고 있었다. 테오는 여동생에 대해 묻고, 라이너스는 잠시 침묵하다가 말했다. "네 여동생은 이곳에 왔다. 하지만 그녀는 이 세계를 떠났다."

테오는 당황하며 물었다. "무슨 말이죠? 그녀는 어디로 갔죠?"

라이너스는 창문 너머로 시선을 돌리며 말했다. "그녀는 이곳의 문을 통해 다른 세계로 넘어갔어. 나는 그녀에게 그것을 가능하게 하는 약속을 줬다."

테오는 놀라움을 감추지 못하며 라이너스를 바라보았다. "다른 세계요? 어떻게 그럴 수 있죠?"

라이너스는 테오에게 작고 오래된 금빛 병을 건네며 말했다. "이 약병에는 세계를 넘어갈 수 있는 연금술의 비밀이 담겨 있다. 하지만 그 대가는 매우 크다. 네가 진정 여동생을 찾고자 한다면, 이 병을 사용해라. 하지만 기억해라, 네가 돌아올 수 있다는 보장은 없다."

테오는 잠시 망설였지만, 결국 병을 쥐고 말했다. "저는 그녀를 찾을 거예요. 어떤 대가를 치르더라도."

라이너스는 고개를 끄덕이며 문을 열어 주었다. "그럼 가거라. 네가 선택한 길이 어떤 결과를 가져올지, 나 역시 알 수 없지만... 행운을 빌지."

테오는 병을 열고 그 안의 액체를 마셨다. 순간, 그의 몸 주위에 빛이 감돌았고, 그는 서서히 공중으로 떠올랐다. 그와 함께 상점의 풍경이 사라지고, 눈앞에는 낯선 세계가 펼쳐졌다.

그가 도착한 곳은 마법과 기이한 생명체들이 가득한 판타지 세계였다. 이곳에서 테오는 여동생을 찾기 위해 수많은 모험과 도전을 맞이한다. 그는 연금술의 힘을 배우고, 다양한 동료를 만나며 점점 강해진다. 그러나 그의 여정은 단순히 여동생을 찾는 것에서 끝나지 않는다. 그는 이 세계를 위협하는 거대한 어둠과 맞서 싸워야 하는 운명에 처하게 된다.

여동생과의 재회는 과연 가능할까? 테오는 이 세계에서 무사히 돌아올 수 있을까? 그의 모험은 이제 막 시작되었다.');

-- Book Information SQL
INSERT INTO book_tb (user_id, title, author_comment, author, category_id, genre_id, introduction, age,views,likes,serial_day,book_cover_image) 
VALUES (21, '바람의 여정과 잃어버린 왕국', '바람 마법을 사용하는 소녀의 모험 이야기', '작가 C', 3, 5, '잃어버린 고대 왕국 에일라스를 찾아 떠나는 리아의 대모험 이야기', '15',100,10,'수요일','/images/cover/4');

-- Story Information SQL
INSERT INTO story_tb (book_id, user_id, number, type, title, upload_day, views,contents)
VALUES (4, 21, 1, '프롤로그', '바람의 속삭임', '2014-07-23',2,
    '고대 왕국 에일라스는 바람의 힘을 다스리는 고귀한 왕가가 지배하던 땅이었다. 그러나 백 년 전, 왕국은 갑자기 지하로 사라져버렸고, 사람들은 그 이유를 알 수 없었다. 이 전설적인 왕국의 행방을 알고 있는 이는 아무도 없었다.

현재의 왕국, 칼드리아에는 바람의 힘을 사용하는 자가 거의 없었다. 바람 마법은 전설 속 이야기로만 전해지고 있었다. 그러나 한 소녀, 리아는 바람의 힘을 타고났다. 그녀는 어릴 적부터 바람과 대화할 수 있었고, 자신의 능력을 남몰래 갈고 닦아왔다. 그녀의 부모님은 그녀가 바람 마법을 사용하는 것을 두려워했지만, 리아는 자신의 힘이 결코 나쁜 것이 아님을 알고 있었다.

어느 날, 리아는 꿈에서 자신을 부르는 낯선 목소리를 듣는다. "에일라스의 마지막 후손이여, 너의 도움이 필요하다." 꿈에서 깬 리아는 그 목소리를 기억하며 오래된 서적을 찾는다. 그 책 속에는 잃어버린 왕국 에일라스와 그곳의 비밀에 대한 이야기가 있었다.

리아는 마을의 고대 사제를 찾아가 이 꿈의 의미를 묻는다. 고대 사제는 그녀에게 전설 속의 무너진 신전을 찾아가라고 말한다. 그곳에 에일라스의 비밀이 잠들어 있다고 했다.

리아는 위험을 무릅쓰고 여행을 떠나기로 결심한다. 그녀는 용감한 모험가 칼렌과 함께 길을 떠나, 사막을 건너고, 산을 넘으며 고대 신전을 찾기 위한 여정을 시작한다. 그들은 여러 가지 신비한 생명체와 만남과 도전을 겪으며, 리아의 바람의 힘을 사용하여 어려움을 극복한다.

마침내, 그들은 고대 신전에 도착하고, 그곳에서 잠들어 있던 에일라스 왕국의 비밀을 발견한다. 왕국은 바람의 힘으로 인해 사라졌으며, 그것을 되찾기 위해서는 잃어버린 바람의 유물을 모아야 했다.

그러나 리아와 칼렌은 곧 그들만이 아닌 다른 세력이 이 유물을 노리고 있음을 알게 된다. 그들은 위험한 적들과 싸우며, 에일라스를 구원할 수 있는 마지막 희망이 된다.');

-- Book Information SQL
INSERT INTO book_tb (user_id, title, author_comment, author, category_id, genre_id, introduction, age,views,likes,serial_day,book_cover_image) 
VALUES (18, '어둠의 성에서 온 초대장', '저주받은 성과 그곳에 숨겨진 비밀을 밝히려는 모험 이야기', '작가 D', 3, 2, '어둠의 성에서 열리는 신비로운 연회에 초대된 사람들의 이야기', '15',450,50,'토요일','/images/cover/5');

-- Story Information SQL
INSERT INTO story_tb (book_id, user_id, number, type, title, upload_day,views, contents)
VALUES (5, 18, 1, '프롤로그', '어둠 속의 초대', '2005-11-12',153,
    '수 세기 동안 폐허로 남아 있던 어둠의 성, 로드릭. 그곳은 사람들에게 공포의 상징이었다. 전설에 따르면, 이 성에는 무시무시한 저주가 깃들어 있다고 한다. 그 누구도 성에 들어갔다가 무사히 돌아온 적이 없었으며, 성은 시들지 않는 검은 장미로 둘러싸여 있었다.

그러나 최근, 마을 사람들은 성에서 이상한 빛이 새어나오는 것을 목격했다. 그리고 동시에 마을에 의문의 초대장이 배달되기 시작했다. “어둠의 성에서 열리는 연회에 당신을 초대합니다.”라고 적힌 초대장은 누구에게 보내진 것인지도 알 수 없었다.

에밀리는 호기심이 많은 청년으로, 어둠의 성에 대한 전설과 이야기들을 어릴 때부터 들으며 자랐다. 어느 날, 그녀의 집에도 그 초대장이 도착한다. 에밀리는 그 초대장을 받자마자 자신의 운명을 직감한다. "이것은 내가 이 성의 비밀을 밝혀야 한다는 신호야."라고 생각한 에밀리는 두려움을 무릅쓰고 어둠의 성으로 향하기로 결심한다.

성에 도착한 에밀리는 성이 완전히 다른 차원의 장소처럼 느껴진다는 것을 깨닫는다. 그녀가 발을 들이자마자, 문이 뒤에서 굉음과 함께 닫히고, 성 안의 불빛이 일제히 켜지며 장대한 연회장이 드러난다. 그곳에는 수십 명의 낯선 사람들이 모여 있었고, 그들은 모두 저마다의 이유로 이곳에 초대된 사람들이었다.

성주는 이 자리에 모인 사람들에게 “진정한 용기를 시험하겠다”고 선언하며, 성 안에 숨겨진 비밀을 풀면 자유롭게 돌아갈 수 있다고 말한다. 그러나 실패하면 영원히 이곳에 갇히게 될 것이라는 경고도 덧붙인다.

에밀리와 다른 참가자들은 각자 다양한 시험과 퍼즐을 풀며 성의 비밀을 파헤치기 시작한다. 그들은 때로는 협력하고, 때로는 서로를 의심하며, 성주가 내놓는 도전 과제를 수행한다. 시간이 지남에 따라 에밀리는 성의 저주와 비밀, 그리고 성주의 진정한 목적을 알게 된다.

에밀리는 자신의 용기와 지혜를 시험하며, 성에서 탈출하기 위해 마지막 도전에 나선다. 성의 저주는 과연 풀릴 수 있을까? 에밀리는 자신과 다른 사람들을 구할 수 있을까? 그녀의 여정은 점점 더 미궁으로 빠져들어간다.');

-- Book Information SQL
INSERT INTO book_tb (user_id, title, author_comment, author, category_id, genre_id, introduction, age,views,likes,serial_day,book_cover_image) 
VALUES (28, '붉은 달의 비밀', '금지된 숲과 마법, 그리고 치명적인 사랑 이야기', '작가 F', 3, 7, '붉은 달이 뜨는 밤, 금지된 숲에서 벌어지는 마법과 사랑의 위험한 게임', '19',1000,550,'수요일','/images/cover/6');

-- Story Information SQL
INSERT INTO story_tb (book_id, user_id, number, type, title, upload_day, views,contents)
VALUES (6, 28, 1, '프롤로그', '붉은 달의 저주', '2002-08-14',325,
    '고대의 마법 왕국 카르타르. 이곳은 강력한 마법사들이 지배하던 땅으로, 오랜 시간 동안 평화를 유지해왔다. 하지만, 붉은 달의 밤이 찾아오면 그 누구도 감히 접근하지 못하는 저주받은 장소가 있었다. 그곳은 ‘카르타르의 금지된 숲’으로 불리며, 그 안에는 숨겨진 비밀이 잠들어 있었다.

엘레나는 왕국에서 가장 유명한 마법사의 제자로, 금지된 마법의 유혹에 끊임없이 시달리고 있었다. 그녀는 평범한 마법 공부에 싫증을 느끼고, 금지된 숲에 숨겨진 힘에 대해 탐구하기 시작한다. 붉은 달이 뜨는 밤, 엘레나는 숲으로 향하기로 결심한다.

숲에 들어서자마자, 엘레나는 강력한 마법의 힘을 느낀다. 그곳에는 잃어버린 고대의 서적들이 곳곳에 흩어져 있었고, 그녀는 이 책들 속에 숨겨진 비밀을 찾기 시작한다. 하지만 숲의 깊은 곳에서, 엘레나는 미스터리한 인물, 다르케인을 만나게 된다. 그는 붉은 달의 저주와 연결된 강력한 마법사로, 금지된 숲을 지키는 자였다.

다르케인은 엘레나에게 금지된 마법을 사용할 경우 어떤 대가를 치르게 될지 경고하지만, 그녀는 그의 경고를 무시하고 점점 더 깊이 빠져들게 된다. 두 사람은 금지된 마법의 비밀을 풀기 위해 동맹을 맺지만, 그 과정에서 강렬한 매혹과 위험한 유혹이 서로를 사로잡기 시작한다.

엘레나는 금지된 마법을 통해 자신의 힘을 시험하게 되고, 다르케인은 그녀의 열망과 욕망을 조종하려 든다. 둘 사이의 관계는 점점 더 위험한 방향으로 치닫게 되고, 이들이 풀어야 할 비밀은 단순한 마법의 힘을 넘어선다. 그들은 붉은 달의 저주를 풀기 위해 서로를 이용하려 하지만, 결국엔 서로에게 깊은 감정을 느끼게 된다.

그러나 이들의 사랑은 금지된 마법의 힘으로 인해 점점 어두워지고, 그들이 내리는 선택은 왕국 전체의 운명을 결정짓게 된다. 엘레나와 다르케인은 과연 붉은 달의 비밀을 풀 수 있을까, 아니면 그들의 운명은 이 저주 속에 영원히 갇히게 될 것인가?');

-- Book Information SQL
INSERT INTO book_tb (user_id, title, author_comment, author, category_id, genre_id, introduction, age,views,likes,serial_day,book_cover_image) 
VALUES (15, '밤의 연금술사', '금단의 연금술을 탐구하는 두 사람의 어두운 이야기', '작가 G', 3, 5, '연금술의 금기를 깨고 강력한 힘을 얻기 위한 위험한 실험과 그로 인한 갈등', '19',800,80,'일요일','/images/cover/7');

-- Story Information SQL
INSERT INTO story_tb (book_id, user_id, number, type, title, upload_day, contents)
VALUES (7, 15, 1, '프롤로그', '밤의 시작', '2023-04-24',
    '밤이 되면 어둠 속에서 활동하는 연금술사, 루시안. 그는 전설적인 힘을 가진 금단의 연금술을 연구하는 인물로, 그의 작업장은 도심의 외곽, 누구도 쉽게 접근할 수 없는 곳에 위치해 있다. 루시안은 밤마다 금기를 깨고 강력한 힘을 얻기 위해 위험천만한 실험을 계속하고 있었다.

어느 날, 한 의문의 여인이 그의 작업장을 찾아온다. 그녀의 이름은 이사벨라, 과거 루시안의 연인이자, 지금은 자신만의 목적을 위해 그의 연금술을 이용하려는 자였다. 그녀는 루시안에게 죽어가는 자신의 오빠를 구하기 위해 불사의 연금술을 완성해달라고 요청한다.

루시안은 그녀의 요청을 들어주는 대신, 자신의 연구를 돕겠다는 조건을 내건다. 둘은 서로의 목적을 위해 협력하게 되지만, 동시에 서로를 경계한다. 밤마다 이어지는 위험한 실험과 금지된 연금술의 사용으로, 그들은 점점 더 깊은 위험 속으로 빠져들어간다.

이사벨라는 루시안이 사용하려는 금지된 연금술의 힘이 단순한 치유를 넘어선, 인류 전체에 위협이 될 수 있음을 깨닫고, 그의 계획을 막으려 하지만, 루시안은 이미 너무 멀리 와 있었다. 그의 탐욕은 그의 인간성을 갉아먹고 있었고, 이사벨라는 그의 손에서 벗어나기 위해 필사적으로 싸운다.

루시안의 작업장은 점점 더 어두운 마법의 기운으로 가득 차고, 그들의 관계는 끊임없이 변화하며 갈등이 커진다. 최후의 순간에, 이사벨라는 루시안의 작업을 멈출 수 있는 유일한 방법을 선택해야 하는데, 그것은 그녀 자신의 희생을 요구하는 것이다.

그녀는 과연 어떤 선택을 할 것인가? 루시안은 자신의 탐욕과 마주하며 구원받을 수 있을까? 그들의 운명은 금단의 연금술과 함께 어두운 밤 속으로 사라질 것인가?');

-- Book Information SQL for a book suitable for minors
INSERT INTO book_tb (user_id, title, author_comment, author, category_id, genre_id, introduction, age,views,likes,serial_day,book_cover_image) 
VALUES (10, '빛의 수호자와 마법의 샘', '마법의 세계에서 빛을 되찾기 위한 소년의 모험 이야기', '작가 H', 3, 5, '마법의 샘을 지키기 위해 떠나는 소년 알렉스의 이야기', '15',1253,100,'수요일','/images/cover/8');

-- Story Information SQL for the book
INSERT INTO story_tb (book_id, user_id, number, type, title, upload_day, contents)
VALUES (8, 10, 1, '프롤로그', '마법의 시작', '2023-05-18',
    '마법이 존재하는 세계, 엘리오스. 이곳에는 빛의 수호자들이 지키는 마법의 샘이 있다. 이 샘은 세계의 균형을 유지하고, 모든 생명체에게 생명력을 공급하는 중요한 역할을 한다. 하지만 최근 들어 샘의 힘이 점점 약해지고, 그 원인을 알 수 없는 기이한 현상이 발생하기 시작한다.

주인공 알렉스는 평범한 농부의 아들이었지만, 어느 날 우연히 마법의 샘이 있는 숲에서 빛의 수호자 중 한 명인 세레나를 만나게 된다. 세레나는 알렉스에게 샘의 힘이 사라지고 있으며, 그 원인을 찾기 위해 특별한 자질을 가진 사람이 필요하다고 말한다. 알렉스는 세레나의 요청을 받아들여 모험을 떠나기로 결심한다.

알렉스와 세레나는 함께 여행을 하며, 샘의 힘을 앗아가는 어둠의 마법사와 그의 추종자들과 싸워야 한다. 여행 중 알렉스는 자신도 모르는 사이에 숨겨진 마법의 힘을 발견하게 되고, 자신의 정체성에 대해 더 깊이 깨닫게 된다.

이 과정에서 알렉스는 새로운 친구들을 만나고, 자신이 단순한 농부의 아들이 아니라는 사실을 알게 된다. 그는 사실 빛의 수호자의 후손이었으며, 마법의 샘을 지킬 운명을 가진 자였다. 알렉스는 세레나와 함께 힘을 모아 샘의 힘을 회복시키고, 세계의 균형을 되찾기 위해 마지막 전투에 나선다.');

-- Book Information SQL for a book suitable for adults only
INSERT INTO book_tb (user_id, title, author_comment, author, category_id, genre_id, introduction, age,views,likes,serial_day,book_cover_image) 
VALUES (20, '그림자의 연인', '귀족 사회의 어둠과 마법의 사랑 이야기', '작가 I', 3, 7, '아름다움과 금단의 마법에 얽힌 위험한 사랑 이야기', '19',250,23,'토요일','/images/cover/9');

-- Story Information SQL for the book
INSERT INTO story_tb (book_id, user_id, number, type, title, upload_day, contents)
VALUES (9, 20, 1, '프롤로그', '어둠 속의 매혹', '2023-11-03',
    '아르카디아 제국의 귀족 사회에서는 아름답고 매혹적인 사교계의 여왕, 이사벨라가 중심에 있다. 그녀는 매혹적인 외모와 지적인 매력을 지닌 여인으로, 모든 남성들의 선망의 대상이었다. 그러나 이사벨라는 누구에게도 말할 수 없는 어두운 비밀을 가지고 있었다. 그녀는 자신의 아름다움을 유지하기 위해 금단의 마법을 사용하고 있었고, 그 대가는 매우 치명적이었다.

한편, 제국의 뛰어난 검술사인 라파엘은 우연히 이사벨라의 비밀을 알게 된다. 그는 처음에는 그녀를 경계하지만, 점점 그녀의 매력에 빠져들게 된다. 이사벨라는 라파엘의 강인한 성격과 용맹함에 끌리지만, 자신의 비밀이 밝혀질까 두려워한다.

두 사람은 서로에게 강한 끌림을 느끼지만, 이사벨라의 비밀과 라파엘의 의무 사이에서 갈등을 겪는다. 라파엘은 그녀를 구하려 하지만, 그녀는 이미 마법의 어둠에 깊이 빠져 있었다. 그들의 사랑은 점점 더 강렬해지지만, 이사벨라의 비밀이 밝혀지는 순간, 그들의 운명은 완전히 뒤바뀌게 된다.

라파엘은 그녀를 구하기 위해 위험한 결정을 내리고, 이사벨라는 자신의 사랑과 마법의 힘 중 하나를 선택해야 하는 기로에 서게 된다. 그들의 이야기는 사랑과 희생, 그리고 치명적인 선택으로 가득 차 있다.');

-- Book Information SQL for a book suitable for minors
INSERT INTO book_tb (user_id, title, author_comment, author, category_id, genre_id, introduction, age,views,likes,serial_day,book_cover_image) 
VALUES (14, '시간의 미로 속에서', '시간을 초월한 모험과 비밀을 찾아 나서는 이야기', '작가 J', 3, 5, '시간의 미로에 갇혀 잃어버린 기억과 과거의 죄책감을 마주하는 탐험 이야기', '15',450,15,'금요일','/images/cover/10');

-- Story Information SQL for the book
INSERT INTO story_tb (book_id, user_id, number, type, title, upload_day, contents)
VALUES (10, 14, 1, '프롤로그', '미로의 입구', '2024-01-15',
    '고대 문명의 잔해 속에는 수많은 비밀이 감춰져 있다. 특히, 그중에서도 가장 신비로운 것은 ‘시간의 미로’라 불리는 고대 유적이다. 이 미로는 시간을 거스르는 힘을 가지고 있으며, 그 안에 들어간 자는 그곳에서 나온 적이 없다고 전해진다.

주인공 카이라(Kaira)는 고고학자이자 모험가로, 전설적인 시간의 미로를 찾아다니고 있다. 그녀는 아버지가 남긴 고대의 지도와 일지를 바탕으로 미로의 위치를 찾아내고, 그곳으로 향한다.

미로에 도착한 카이라는 시간이 멈춘 듯한 유적의 입구에서 미로 속으로 들어간다. 그곳에는 수많은 시간의 함정이 기다리고 있었고, 그녀는 미로를 탐험하며 자신이 잃어버린 과거의 기억과 맞닥뜨리게 된다.

시간의 미로 속에서는 과거와 현재, 미래가 모두 뒤엉켜 있다. 카이라는 여러 시점에서 온 인물들을 만나며, 미로에 갇힌 자들의 이야기와 미로가 가진 진정한 힘에 대해 깨닫기 시작한다. 그러나 그녀는 단순한 탐험가가 아닌, 이 미로와 특별한 인연이 있는 인물이라는 사실을 알게 된다.

카이라는 미로의 심장부에 다다르며, 자신이 과거의 한 시점에서 미로에 들어와 갇힌 채 기억을 잃었다는 사실을 깨닫는다. 미로는 그녀가 잃어버린 기억과 죄책감을 직면하게 하고, 그녀는 자신이 저질렀던 과거의 실수를 바로잡아야만 탈출할 수 있다는 것을 알게 된다.

하지만 시간이 거의 다가오고, 미로는 그녀에게 마지막 선택을 강요한다. 그녀는 과거를 바로잡고 미로에서 벗어날 수 있을 것인가, 아니면 영원히 시간 속에 갇혀버릴 것인가?');

-- Book Information SQL for a book suitable for minors
INSERT INTO book_tb (user_id, title, author_comment, author, category_id, genre_id, introduction, age,views,likes,serial_day,book_cover_image) 
VALUES (18, '얼어붙은 대지의 심장', '끝없는 겨울을 끝내기 위한 기사단의 희생과 모험 이야기', '작가 K', 3, 5, '얼어붙은 대지의 저주를 풀기 위해 설산의 심장부로 향하는 기사단의 여정', '15',120,10,'화요일','/images/cover/11');

-- Story Information SQL for the book
INSERT INTO story_tb (book_id, user_id, number, type, title, upload_day, contents)
VALUES (11, 18, 1, '프롤로그', '얼어붙은 심장', '2023-08-30',
    '한때 번영을 누리던 왕국, 스칼디아는 이제 끝없는 겨울로 인해 얼어붙은 대지가 되었다. 모든 것이 얼어붙어 가고, 사람들은 굶주림과 추위 속에서 점점 희망을 잃어가고 있다. 이 영원한 겨울의 저주를 풀기 위해, 왕국의 용감한 기사단이 왕의 명령을 받아 설산의 심장부로 파견된다.

주인공 레안드로(Leandro)는 기사단의 대장으로, 이번 임무가 단순한 탐험이 아닌 왕국의 운명을 결정지을 중요한 여정임을 잘 알고 있다. 그와 함께한 기사들은 설산의 깊숙한 곳에서 잠들어 있는 전설의 얼음 거인과 맞서야 한다. 전설에 따르면, 얼음 거인은 이 대지를 얼어붙게 한 장본인으로, 그를 깨우고 대화를 나눠야만 겨울을 끝낼 수 있다고 한다.

레안드로와 그의 기사단은 설산을 오르며 수많은 시련과 마주한다. 눈사태, 얼음의 정령들, 그리고 자신들 안의 두려움과 싸워야 한다. 그들은 자신의 한계를 넘어서며 점차 얼어붙은 대지의 진정한 비밀에 다가간다. 그러나 이 여정은 단순한 도전이 아니라, 각자 자신의 내면의 어둠과도 싸워야 하는 힘든 여정이다.

얼어붙은 심장부에 도달한 그들은 얼음 거인을 깨우고, 그와 대면한다. 얼음 거인은 대지의 저주를 풀기 위해 요구하는 대가를 밝히며, 그들에게 무거운 선택을 강요한다. 레안드로는 자신의 희생과 기사단의 운명 사이에서 갈등하지만, 결국 희생의 길을 선택하기로 결심한다.');

-- Book Information SQL for a book suitable for adults only
INSERT INTO book_tb (user_id, title, author_comment, author, category_id, genre_id, introduction, age,views,likes,serial_day,book_cover_image) 
VALUES (22, '밤의 정원사', '어둠 속의 정원과 그곳에 숨겨진 치명적인 비밀 이야기', '작가 L', 3, 2, '밤마다 정원을 가꾸는 미스터리한 정원사와 그의 어두운 비밀', '19',222,20,'화요일','/images/cover/12');

-- Story Information SQL for the book
INSERT INTO story_tb (book_id, user_id, number, type, title, upload_day, contents)
VALUES (12, 22, 1, '프롤로그', '정원의 속삭임', '2024-02-09',
    '도시의 외곽에 위치한 오래된 저택. 이곳은 한때 도시에서 가장 부유한 가문이 살던 집이었지만, 지금은 버려져 있다. 그러나 저택의 정원은 여전히 아름답게 유지되고 있다. 사람들은 이곳을 밤의 정원이라 부른다. 전설에 따르면, 밤마다 정원에 사는 정원사가 나타나 정원을 가꾸며 그곳을 아름답게 유지한다고 한다.

주인공 사라는 유명한 기자로, 이 정원에 관한 기묘한 이야기를 듣고 진실을 파헤치기 위해 저택으로 향한다. 그녀는 저택에 들어선 순간, 알 수 없는 기이한 힘에 사로잡히고, 정원 속으로 들어가게 된다.

정원 속에서는 매혹적인 남자, 루시퍼가 사라를 기다리고 있다. 그는 정원사로서 수세기 동안 저택과 정원을 지켜온 존재였다. 하지만 그의 존재는 단순한 정원사가 아니라, 밤의 어둠과 연결된 강력한 힘을 가진 마법사였다.

루시퍼는 사라에게 저택과 정원의 진정한 목적과 자신이 여기에 갇힌 이유를 이야기한다. 그는 사라에게 정원의 비밀을 밝히고 싶어 하지만, 동시에 그녀를 이곳에 영원히 묶어두고 싶어 한다. 두 사람은 점점 더 깊이 연결되고, 그들의 관계는 위험하고 치명적인 방향으로 치닫는다.

사라는 진실을 파헤치려 하면서도 루시퍼에게 끌리게 되고, 그와의 위험한 유혹 속에서 자신이 결코 상상하지 못했던 비밀을 마주하게 된다. 그녀는 과연 정원의 비밀을 풀고 저택을 탈출할 수 있을 것인가, 아니면 영원히 밤의 정원에 갇히게 될 것인가?');

-- Book Information SQL for a book suitable for minors
INSERT INTO book_tb (user_id, title, author_comment, author, category_id, genre_id, introduction, age,views,likes,serial_day,book_cover_image) 
VALUES (13, '용의 숨결 속으로', '용들과의 싸움과 평화를 찾아 떠나는 소녀의 이야기', '작가 M', 3, 5, '용들의 폭주로 혼란에 빠진 왕국을 구하기 위한 아일라의 모험', '15',1220,150,'목요일','/images/cover/13');

-- Story Information SQL for the book
INSERT INTO story_tb (book_id, user_id, number, type, title, upload_day, contents)
VALUES (13, 13, 1, '프롤로그', '용의 울부짖음', '2023-12-11',
    '왕국의 중심에는 고대의 산맥이 자리 잡고 있었고, 그곳에는 전설적인 용들이 살고 있었다. 이 용들은 한때 인간과 함께 평화를 지키는 수호자였지만, 지금은 인간을 공격하는 위협으로 변해버렸다. 용들이 폭주하기 시작하면서 왕국은 혼란에 빠지고, 사람들은 공포에 떨며 하루하루를 살아간다.

주인공 아일라(Ayla)는 평범한 마을 출신의 소녀로, 용을 조종할 수 있는 마법의 힘을 가진 고대의 혈통을 이어받은 마지막 후손이다. 그녀는 어린 시절 부모를 용에게 잃었지만, 복수심보다는 용들의 진정한 마음을 알고 싶어 한다. 그녀는 왕국을 구하기 위해 용들의 영역으로 모험을 떠나기로 결심한다.

아일라는 여행 도중 마법사 라그나(Ragna)를 만나 그의 도움을 받아 용들을 찾아 나선다. 그들은 용들의 영역에 다다르면서 용들이 폭주하게 된 진짜 이유를 알아내기 시작한다. 그것은 인간들이 용들의 보물을 훔쳤기 때문이었다. 용들의 보물을 되찾고 인간과 용 사이의 오랜 평화를 되찾기 위해, 아일라와 라그나는 용들과 맞서 싸워야 한다.');

-- Book Information SQL for a book suitable for adults only
INSERT INTO book_tb (user_id, title, author_comment, author, category_id, genre_id, introduction, age,views,likes,serial_day,book_cover_image) 
VALUES (24, '밤의 연회', '어둠 속의 연회에서 벌어지는 위험한 음모와 유혹 이야기', '작가 N', 3, 2, '비밀스러운 연회에서 도시의 어두운 비밀을 밝히려는 첩보원의 이야기', '19',430,44,'금요일','/images/cover/14');

-- Story Information SQL for the book
INSERT INTO story_tb (book_id, user_id, number, type, title, upload_day, contents)
VALUES (14, 24, 1, '프롤로그', '어둠의 서곡', '2024-03-18',
    '고대의 도시, 에델바인은 매년 밤의 연회를 연다. 이 연회는 도시의 귀족들만이 참석할 수 있는 비밀스러운 모임으로, 그들은 어둠 속에서 가장 은밀하고 위험한 거래를 한다. 하지만 이 연회에는 단 하나의 규칙이 있다. 절대 정체를 드러내지 말 것.

주인공 에바(Eva)는 도시에 잠입한 첩보원으로, 연회에 참가하여 도시의 어두운 비밀을 밝히려 한다. 그러나 그녀는 곧 자신이 위험한 게임에 휘말렸음을 깨닫는다. 연회 참가자들은 모두 비밀을 가지고 있으며, 그 비밀을 지키기 위해서라면 어떤 일도 서슴지 않는다.

에바는 자신의 정체가 드러나지 않도록 하면서도, 연회의 어둠 속에서 도시를 위협하는 음모를 밝혀야 한다. 그녀는 연회의 호스트인 미스터리한 남자, 알렉산더(Alexander)와 마주하게 되고, 둘 사이에는 알 수 없는 긴장감과 유혹이 흐른다. 에바는 알렉산더의 진정한 목적을 알아내기 위해 그의 신뢰를 얻어야 하지만, 그녀의 선택은 점점 더 위험해진다.');

-- Book Information SQL for a book suitable for minors
INSERT INTO book_tb (user_id, title, author_comment, author, category_id, genre_id, introduction, age,views,likes,serial_day,book_cover_image) 
VALUES (16, '불멸의 전사', '전설적인 힘을 가진 전사가 세상의 운명을 결정짓는 이야기', '작가 O', 3, 5, '불멸의 전사의 후손이 되어 세상을 지키기 위해 싸우는 칼릭스의 이야기', '15',864,57,'일요일','/images/cover/15');

-- Story Information SQL for the book
INSERT INTO story_tb (book_id, user_id, number, type, title, upload_day, contents)
VALUES (15, 16, 1, '프롤로그', '전설의 검', '2024-04-21',
    '전설에 따르면, 한때 불멸의 전사들이 세상을 지배했었다. 그들은 초인적인 힘과 능력을 가지고 있었으며, 누구도 그들을 상대할 수 없었다. 하지만 그들은 한순간에 사라졌고, 이제는 전설로만 전해지고 있다.

칼릭스(Calix)는 작은 마을의 대장장이로, 평범한 일상을 보내고 있다. 어느 날, 그는 마을 근처의 산에서 신비로운 검을 발견하게 된다. 그 검은 불멸의 전사들이 사용했다는 전설적인 무기였다. 칼릭스는 이 검을 손에 넣은 순간, 자신이 불멸의 전사의 후손이라는 사실을 깨닫고, 세상을 지배할 수 있는 잠재력을 가지고 있음을 알게 된다.

하지만 불멸의 힘을 가진 자는 혼자가 아니었다. 오래된 적대 세력도 깨어나고, 그들은 칼릭스와 그의 새로운 힘을 위협으로 보고 제거하려 한다. 칼릭스는 불멸의 전사로서의 운명을 받아들이고, 자신과 마을을 지키기 위해 싸워야 한다. 그는 자신의 진정한 힘을 깨닫고, 불멸의 전사로서의 운명을 이끌어 가야 한다.');

-- Book Information SQL for a book suitable for minors
INSERT INTO book_tb (user_id, title, author_comment, author, category_id, genre_id, introduction, age,views,likes,serial_day,book_cover_image) 
VALUES (19, '검은 바다의 지배자', '전설의 바다에서 보물을 찾는 용감한 항해자의 이야기', '작가 P', 3, 11, '검은 바다에서 숨겨진 비밀을 찾기 위해 위험을 무릅쓰고 항해하는 리안의 모험', '15',2200,250,'화요일','/images/cover/16');

-- Story Information SQL for the book
INSERT INTO story_tb (book_id, user_id, number, type, title, upload_day, contents)
VALUES (16, 19, 1, '프롤로그', '바다의 부름', '2024-01-11',
    '넓고 거친 바다, 이곳에는 검은 바다라 불리는 위험하고도 미지의 해역이 있다. 수많은 항해자들이 이곳에 발을 들였다가 돌아오지 못했으며, 그곳에는 전설적인 바다의 괴물이 살고 있다는 소문이 돌고 있다. 이 해역은 예로부터 금기시되어 왔지만, 이곳에는 세상을 바꿀 수 있는 보물이 숨겨져 있다는 전설도 있다.

주인공 리안(Rian)은 부모를 잃은 고아로, 어린 시절부터 바다를 누비는 것을 꿈꿔왔다. 그는 자신의 배, "포세이돈의 맹세"를 타고 전설의 검은 바다로 향한다. 리안은 어릴 적부터 들어온 전설을 믿고, 바다의 신으로부터 주어진 운명을 받아들이기로 한다.

그의 여정은 시작부터 위험천만하다. 거대한 파도와 사나운 폭풍을 헤치고 나아가면서, 그는 자신이 모르는 세상의 많은 것을 배운다. 하지만 리안은 곧 검은 바다의 진정한 힘과 맞닥뜨리게 된다. 그는 무서운 바다 괴물과 싸워야 하고, 자신의 용기와 지혜를 시험받는다.');

-- Book Information SQL for a book suitable for adults only
INSERT INTO book_tb (user_id, title, author_comment, author, category_id, genre_id, introduction, age,views,likes,serial_day,book_cover_image) 
VALUES (17, '황혼의 성벽', '어둠의 세계와 싸우는 수호자의 이야기', '작가 Q', 3, 2, '세상과 어둠의 세계를 가르는 성벽을 지키기 위한 엘리야의 마지막 전투','19',225,22,'목요일','/images/cover/17');

-- Story Information SQL for the book
INSERT INTO story_tb (book_id, user_id, number, type, title, upload_day, contents)
VALUES (17, 17, 1, '프롤로그', '성벽의 균열', '2023-11-07',
    '황혼의 성벽이라 불리는 거대한 요새는 세상과 어둠의 세계를 가르는 마지막 방어선이었다. 이곳은 무수한 전투의 현장이었고, 그 안에 숨겨진 비밀들은 전설로 전해진다. 전설에 따르면, 성벽의 심장부에는 어둠의 세계를 완전히 막을 수 있는 힘이 숨겨져 있다고 한다.

주인공 엘리야(Elijah)는 이 성벽을 지키는 마지막 수호자로, 오랜 세월 동안 혼자서 성벽을 지켜왔다. 그러나 최근 들어 성벽에 이상한 균열이 생기고, 어둠의 생명체들이 성벽을 넘어서기 시작한다. 엘리야는 성벽의 힘이 점점 약해지고 있음을 깨닫고, 성벽의 비밀을 풀기 위해 성벽 깊숙한 곳으로 향한다.

그는 그곳에서 어둠의 힘을 통제하려는 미스터리한 여성, 라비나(Ravina)를 만나게 된다. 그녀는 성벽의 힘을 자신의 것으로 만들기 위해 이곳에 왔고, 엘리야는 그녀와 불가피한 대립을 하게 된다. 그들은 서로에게 끌리지만, 동시에 서로를 경계하며 위험한 게임을 시작한다.');

-- Book Information SQL for a book suitable for minors
INSERT INTO book_tb (user_id, title, author_comment, author, category_id, genre_id, introduction, age,views,likes,serial_day,book_cover_image) 
VALUES (26, '별빛 아래의 서약', '별빛 아래에서 맺은 사랑과 모험 이야기', '작가 R', 3, 7, '별빛 숲에서 사랑을 찾고 마법적 서약을 맺은 연인의 이야기', '15',120,13,'토요일','/images/cover/18');

-- Story Information SQL for the book
INSERT INTO story_tb (book_id, user_id, number, type, title, upload_day, contents)
VALUES (18, 26, 1, '프롤로그', '별빛의 약속', '2023-10-15',
    '별빛이 가장 빛나는 밤, 신비로운 숲 속에서는 사랑하는 두 연인의 서약이 이루어진다. 이 서약은 단순한 맹세가 아니라, 별빛의 힘을 가진 마법적 약속이다. 이 약속을 통해 연인들은 영원한 사랑과 힘을 약속받지만, 그 대가는 커다란 위험을 동반한다.

주인공 레이아(Leia)는 왕국의 왕녀로, 어린 시절부터 별빛 숲에 대한 전설을 들으며 자랐다. 그녀는 그곳에서 진정한 사랑을 찾기를 꿈꾸며, 어느 날 밤 홀로 숲으로 떠난다. 그곳에서 만난 정체불명의 남자, 제드(Jed)는 별빛의 힘을 지닌 마법사로, 레이아와 운명적으로 연결된 인물이었다.

그들은 함께 별빛 아래에서 서약을 하게 되지만, 이 서약은 곧 강력한 마법의 구속으로 변해 그들의 자유를 앗아간다. 그들은 서로를 사랑하면서도, 별빛의 서약에서 벗어나기 위해 힘을 합쳐야 한다. 그들의 여정은 위험으로 가득 차 있으며, 진정한 사랑과 희생의 의미를 깨닫게 된다.');


-- 리워드 테이블 삽입
INSERT INTO reward_tb (project_id, reward_content, reward_point)
VALUES 
(1, '프로젝트 1 리워드 내용', 10000),
(2, '프로젝트 2 리워드 내용', 15000),
(3, '프로젝트 3 리워드 내용', 20000),
(4, '프로젝트 4 리워드 내용', 25000),
(5, '프로젝트 5 리워드 내용', 30000);
 

-- 프로젝트 테이블 삽입
INSERT INTO project_tb (user_id, book_id, title, contents, reward_id, goal, date_end, staff_agree)
VALUES (1, 1, '임시프로젝트타이틀1', '내용입니다', 1, 20000, '2024-09-09', 'Y'),
       (2, 2, '임시프로젝트타이틀2', '내용입니다', 2, 25000, '2024-09-20', 'Y'),
       (3, 3, '임시프로젝트타이틀3', '내용입니다', 3, 40000, '2024-10-10', 'Y'),
       (4, 4, '임시프로젝트타이틀4', '내용입니다', 4, 30000, '2024-09-05', 'Y'),
       (5, 5, '임시프로젝트타이틀5', '내용입니다', 5, 10000, '2024-11-09', 'Y');


-- funding_tb에 데이터 삽입
INSERT INTO funding_tb (user_id, reward_id, canceled_At, confirm_success)
VALUES 
(1, 1, '2024-09-09', 'Y'),
(2, 2, '2024-09-10', 'Y'),
(3, 3, '2024-09-11', 'Y'),
(4, 4, '2024-09-12', 'Y'),
(5, 5, '2024-09-13', 'Y');
-- 펀딩 히스토리 테이블 삽입
INSERT INTO funding_history_tb (project_id)
VALUES (1), (2), (3), (4), (5);
